anio,mes,fecha,tramo,A,M,B2,B3,B4,C2,C3,C4,C5,C6,C7,C8,C9,total,AT,BT,CT,AT1
2023,1,2023-01-01,Cuernavaca-Acapulco,2642114.0,89734.0,67722.0,22947.0,123.0,58533.0,45368.0,8234.0,47968.0,17213.0,575.0,536.0,19347.0,3020414.0,2731848.0,90792.0,197774.0,3020414.0
2023,1,2023-01-01,Cordoba-Veracruz,674832.0,18506.0,27078.0,8012.0,6.0,44675.0,49543.0,6837.0,116317.0,25981.0,2954.0,739.0,106247.0,1081727.0,693338.0,35096.0,353293.0,1081727.0
2023,1,2023-01-01,La Tinaja-Cosoleacaque,461283.0,9479.0,32760.0,15533.0,6.0,41759.0,57659.0,11799.0,170716.0,39363.0,3566.0,1715.0,128288.0,973926.0,470762.0,48299.0,454865.0,973926.0
2023,1,2023-01-01,Lib Noreste de Queretaro,239142.0,1513.0,5739.0,4156.0,6.0,37437.0,28718.0,5081.0,199518.0,20930.0,1128.0,184.0,37420.0,580972.0,240655.0,9901.0,330416.0,580972.0
2023,1,2023-01-01,Libramiento Oriente de Saltillo,199141.0,1339.0,11422.0,11508.0,1204.0,19770.0,10414.0,1934.0,224568.0,19362.0,1801.0,474.0,34316.0,537253.0,200480.0,24134.0,312639.0,537253.0
2023,1,2023-01-01,La Carbonera-Puerto Mexico,222126.0,789.0,12469.0,11653.0,4.0,22336.0,12063.0,3909.0,239425.0,20327.0,1821.0,435.0,35013.0,582370.0,222915.0,24126.0,335329.0,582370.0
2023,1,2023-01-01,Libramiento Poniente de Tampico,245553.0,8856.0,1751.0,325.0,,17276.0,12520.0,2521.0,30920.0,11232.0,691.0,198.0,27046.0,358889.0,254409.0,2076.0,102404.0,358889.0
2023,1,2023-01-01,Champoton-Campeche,191638.0,4926.0,5056.0,1362.0,,9800.0,11719.0,1934.0,27523.0,5969.0,353.0,64.0,17698.0,278042.0,196564.0,6418.0,75060.0,278042.0
2023,1,2023-01-01,Gomez Palacio-Corralitos,123337.0,395.0,14869.0,9015.0,,7539.0,10010.0,6548.0,93427.0,19547.0,3361.0,460.0,28891.0,317399.0,123732.0,23884.0,169783.0,317399.0
2023,1,2023-01-01,Torreon-Saltillo,219563.0,5773.0,17071.0,11665.0,1.0,10598.0,6346.0,6283.0,110311.0,23028.0,3864.0,683.0,49227.0,464413.0,225336.0,28737.0,210340.0,464413.0
2023,1,2023-01-01,Tihuatlan-Gutierrez Zamora,113636.0,1091.0,1725.0,1384.0,5.0,5903.0,7932.0,1500.0,15572.0,5775.0,279.0,106.0,10319.0,165227.0,114727.0,3114.0,47386.0,165227.0
2023,1,2023-01-01,Agua Dulce-Cardenas,174820.0,1588.0,6857.0,3852.0,1.0,16589.0,18174.0,3451.0,60556.0,12589.0,1076.0,431.0,37838.0,337822.0,176408.0,10710.0,150704.0,337822.0
2023,1,2023-01-01,Las Choapas-Ocozocoautla,267251.0,6151.0,12768.0,5676.0,7.0,27879.0,31930.0,3382.0,60836.0,9720.0,1344.0,979.0,40714.0,468637.0,273402.0,18451.0,176784.0,468637.0
2023,1,2023-01-01,Mexico-Cuernavaca,828712.0,22377.0,31205.0,10554.0,58.0,24155.0,17701.0,2267.0,24322.0,6007.0,484.0,136.0,7983.0,975961.0,851089.0,41817.0,83055.0,975961.0
2023,1,2023-01-01,Puente de Ixtla-Iguala,96021.0,1159.0,5068.0,412.0,,6910.0,8283.0,1470.0,4263.0,3621.0,38.0,8.0,1500.0,128753.0,97180.0,5480.0,26093.0,128753.0
2023,1,2023-01-01,La Pera-Cuautla,847658.0,20215.0,19740.0,645.0,5.0,22662.0,12009.0,2113.0,17191.0,3627.0,372.0,38.0,7308.0,953583.0,867873.0,20390.0,65320.0,953583.0
2023,1,2023-01-01,Zacapalco-Rancho Viejo,58260.0,2773.0,1875.0,111.0,,1580.0,632.0,170.0,144.0,111.0,3.0,,3.0,65662.0,61033.0,1986.0,2643.0,65662.0
2023,1,2023-01-01,Mexico-Queretaro,2644558.0,26530.0,100291.0,40716.0,85.0,222121.0,178960.0,23581.0,562522.0,55019.0,7046.0,2586.0,129978.0,3993993.0,2671088.0,141092.0,1181813.0,3993993.0
2023,1,2023-01-01,Mexico-Puebla,3691737.0,48888.0,131983.0,28319.0,261.0,168128.0,127775.0,9828.0,245447.0,27760.0,3355.0,1561.0,91239.0,4576281.0,3740625.0,160563.0,675093.0,4576281.0
2023,1,2023-01-01,Queretaro-Irapuato,1701365.0,13442.0,48063.0,21447.0,642.0,132324.0,128326.0,15843.0,362025.0,47139.0,7286.0,1659.0,99964.0,2579525.0,1714807.0,70152.0,794566.0,2579525.0
2023,1,2023-01-01,Puebla-Acatzingo,1046298.0,8412.0,60685.0,9858.0,197.0,65074.0,65020.0,5887.0,118701.0,20033.0,2614.0,784.0,69676.0,1473239.0,1054710.0,70740.0,347789.0,1473239.0
2023,1,2023-01-01,Acatzingo-Cd Mendoza,290391.0,2375.0,17286.0,6373.0,19.0,26405.0,38887.0,3487.0,87504.0,13853.0,1983.0,897.0,59621.0,549081.0,292766.0,23678.0,232637.0,549081.0
2023,1,2023-01-01,Cd Mendoza-Cordoba,705728.0,27408.0,40385.0,7328.0,,44128.0,55143.0,6096.0,97432.0,18656.0,2461.0,1723.0,67801.0,1074289.0,733136.0,47713.0,293440.0,1074289.0
2023,1,2023-01-01,Tehuacan-Oaxaca,757989.0,8478.0,37821.0,9482.0,73.0,46122.0,51223.0,3804.0,48770.0,11809.0,2162.0,1171.0,30377.0,1009281.0,766467.0,47376.0,195438.0,1009281.0
2023,1,2023-01-01,Tijuana-Ensenada,1332545.0,7663.0,14714.0,1131.0,44.0,24893.0,10931.0,1828.0,52057.0,2999.0,280.0,313.0,11711.0,1461109.0,1340208.0,15889.0,105012.0,1461109.0
2023,1,2023-01-01,Rancho Viejo-Taxco,94565.0,7446.0,2539.0,124.0,,2301.0,609.0,61.0,178.0,118.0,,,,107941.0,102011.0,2663.0,3267.0,107941.0
2023,1,2023-01-01,La Rumorosa-Tecate,224253.0,513.0,8427.0,2652.0,14.0,9184.0,3914.0,1579.0,33145.0,2175.0,418.0,142.0,11302.0,297718.0,224766.0,11093.0,61859.0,297718.0
2023,1,2023-01-01,Salina Cruz-La Ventosa,114211.0,3121.0,1483.0,598.0,,7713.0,5304.0,650.0,6467.0,3963.0,222.0,170.0,9075.0,152977.0,117332.0,2081.0,33564.0,152977.0
2023,1,2023-01-01,Chamapa-Lecheria,2993345.0,126092.0,22661.0,518.0,2.0,111143.0,56435.0,4032.0,57876.0,5919.0,206.0,36.0,7915.0,3386180.0,3119437.0,23181.0,243562.0,3386180.0
2023,1,2023-01-01,Estacion Don-Nogales,1017827.0,2327.0,48494.0,30610.0,12.0,41924.0,29048.0,19719.0,297667.0,35325.0,3761.0,592.0,134655.0,1661961.0,1020154.0,79116.0,562691.0,1661961.0
2023,1,2023-01-01,Durango-Mazatlan,221945.0,2049.0,7864.0,3595.0,8.0,10099.0,16105.0,2168.0,56853.0,6872.0,1895.0,876.0,42297.0,372626.0,223994.0,11467.0,137165.0,372626.0
2023,1,2023-01-01,Lagos de Moreno-San Luis Potosi,72394.0,346.0,2180.0,466.0,1.0,6401.0,6265.0,1605.0,50804.0,6172.0,1110.0,199.0,23773.0,171716.0,72740.0,2647.0,96329.0,171716.0
2023,1,2023-01-01,Libramiento Amecameca-Nepantla,251191.0,5293.0,2208.0,137.0,1.0,12531.0,11590.0,1955.0,15159.0,3441.0,133.0,55.0,4525.0,308219.0,256484.0,2346.0,49389.0,308219.0
2023,1,2023-01-01,Aeropuerto Los Cabos-San Jose del Cabo-Cabo San Lucas,332616.0,552.0,1550.0,174.0,1.0,2452.0,751.0,98.0,1210.0,791.0,60.0,24.0,1032.0,341311.0,333168.0,1725.0,6418.0,341311.0
2023,1,2023-01-01,Libramiento Poniente de Acapulco,54704.0,1281.0,411.0,238.0,,1719.0,1658.0,277.0,910.0,551.0,7.0,6.0,194.0,61956.0,55985.0,649.0,5322.0,61956.0
2023,1,2023-01-01,Puente el Zacatal,88023.0,1574.0,5998.0,2080.0,3.0,8761.0,6988.0,1234.0,21863.0,3630.0,151.0,55.0,11179.0,151539.0,89597.0,8081.0,53861.0,151539.0
2023,2,2023-02-01,Cuernavaca-Acapulco,2224033.0,88348.0,59694.0,21116.0,105.0,55353.0,45929.0,7864.0,43436.0,15979.0,608.0,471.0,16467.0,2579403.0,2312381.0,80915.0,186107.0,2579403.0
2023,2,2023-02-01,Cordoba-Veracruz,572801.0,18798.0,22006.0,6284.0,4.0,44579.0,48443.0,7126.0,112282.0,23494.0,2926.0,684.0,97388.0,956815.0,591599.0,28294.0,336922.0,956815.0
2023,2,2023-02-01,La Tinaja-Cosoleacaque,353399.0,7959.0,23978.0,11790.0,6.0,41578.0,56050.0,11683.0,166170.0,36651.0,3677.0,1526.0,118881.0,833348.0,361358.0,35774.0,436216.0,833348.0
2023,2,2023-02-01,Lib Noreste de Queretaro,210605.0,1366.0,4328.0,3240.0,6.0,37012.0,27661.0,4847.0,195122.0,19874.0,1067.0,200.0,34619.0,539947.0,211971.0,7574.0,320402.0,539947.0
2023,2,2023-02-01,Libramiento Oriente de Saltillo,132073.0,1136.0,9897.0,9487.0,1211.0,19942.0,9966.0,2001.0,219324.0,18730.0,1573.0,418.0,31434.0,457192.0,133209.0,20595.0,303388.0,457192.0
2023,2,2023-02-01,La Carbonera-Puerto Mexico,147580.0,871.0,11461.0,9747.0,1.0,21890.0,11263.0,3816.0,235199.0,18957.0,1535.0,398.0,32120.0,494838.0,148451.0,21209.0,325178.0,494838.0
2023,2,2023-02-01,Libramiento Poniente de Tampico,217306.0,8078.0,1136.0,102.0,4.0,16240.0,12478.0,2460.0,29574.0,10309.0,1001.0,167.0,24607.0,323462.0,225384.0,1242.0,96836.0,323462.0
2023,2,2023-02-01,Champoton-Campeche,156483.0,4191.0,4389.0,1211.0,,9586.0,10238.0,1930.0,26918.0,5990.0,417.0,75.0,16077.0,237505.0,160674.0,5600.0,71231.0,237505.0
2023,2,2023-02-01,Gomez Palacio-Corralitos,74753.0,276.0,12163.0,6925.0,1.0,7487.0,8870.0,5507.0,86229.0,16696.0,2996.0,478.0,25730.0,248111.0,75029.0,19089.0,153993.0,248111.0
2023,2,2023-02-01,Torreon-Saltillo,195225.0,634.0,16785.0,11051.0,3.0,10383.0,6237.0,6022.0,106107.0,20317.0,3669.0,613.0,44934.0,421980.0,195859.0,27839.0,198282.0,421980.0
2023,2,2023-02-01,Tihuatlan-Gutierrez Zamora,91482.0,1443.0,1217.0,1015.0,4.0,5973.0,7131.0,1740.0,15304.0,5858.0,327.0,88.0,9529.0,141111.0,92925.0,2236.0,45950.0,141111.0
2023,2,2023-02-01,Agua Dulce-Cardenas,139237.0,1369.0,5210.0,3132.0,,16536.0,17127.0,3368.0,58253.0,11849.0,1096.0,426.0,35599.0,293202.0,140606.0,8342.0,144254.0,293202.0
2023,2,2023-02-01,Las Choapas-Ocozocoautla,211573.0,4938.0,9804.0,4431.0,,25383.0,29644.0,3156.0,57649.0,9086.0,1164.0,909.0,37160.0,394897.0,216511.0,14235.0,164151.0,394897.0
2023,2,2023-02-01,Mexico-Cuernavaca,748904.0,20555.0,29089.0,9417.0,54.0,23276.0,17193.0,2241.0,23636.0,5053.0,486.0,85.0,6792.0,886781.0,769459.0,38560.0,78762.0,886781.0
2023,2,2023-02-01,Puente de Ixtla-Iguala,90091.0,1233.0,4729.0,477.0,1.0,6782.0,9133.0,1551.0,4317.0,3677.0,35.0,6.0,1104.0,123136.0,91324.0,5207.0,26605.0,123136.0
2023,2,2023-02-01,La Pera-Cuautla,826415.0,21949.0,21627.0,1038.0,8.0,22654.0,12240.0,1784.0,17236.0,3462.0,347.0,23.0,5542.0,934325.0,848364.0,22673.0,63288.0,934325.0
2023,2,2023-02-01,Zacapalco-Rancho Viejo,49219.0,2510.0,1894.0,125.0,,1375.0,443.0,151.0,109.0,94.0,2.0,,1.0,55923.0,51729.0,2019.0,2175.0,55923.0
2023,2,2023-02-01,Mexico-Queretaro,2329110.0,40783.0,87534.0,33132.0,33.0,215467.0,169391.0,23287.0,543474.0,51204.0,7296.0,2293.0,123573.0,3626577.0,2369893.0,120699.0,1135985.0,3626577.0
2023,2,2023-02-01,Mexico-Puebla,3239067.0,46010.0,115520.0,23486.0,224.0,160324.0,121527.0,9391.0,233040.0,26676.0,3129.0,1320.0,82880.0,4062594.0,3285077.0,139230.0,638287.0,4062594.0
2023,2,2023-02-01,Queretaro-Irapuato,1520932.0,18029.0,44107.0,18937.0,393.0,129446.0,121996.0,14893.0,345314.0,46242.0,7351.0,1455.0,99837.0,2368932.0,1538961.0,63437.0,766534.0,2368932.0
2023,2,2023-02-01,Puebla-Acatzingo,938677.0,8613.0,51849.0,8193.0,121.0,63318.0,61618.0,5783.0,112252.0,18622.0,2238.0,695.0,62833.0,1334812.0,947290.0,60163.0,327359.0,1334812.0
2023,2,2023-02-01,Acatzingo-Cd Mendoza,225354.0,2151.0,12334.0,4918.0,12.0,25734.0,36817.0,3321.0,83365.0,12403.0,1954.0,748.0,53254.0,462365.0,227505.0,17264.0,217596.0,462365.0
2023,2,2023-02-01,Cd Mendoza-Cordoba,632072.0,26271.0,33668.0,5695.0,,43528.0,52737.0,6360.0,93164.0,16528.0,2434.0,2377.0,60300.0,975134.0,658343.0,39363.0,277428.0,975134.0
2023,2,2023-02-01,Tehuacan-Oaxaca,582237.0,8389.0,30182.0,8124.0,38.0,43122.0,47458.0,3445.0,45502.0,10624.0,1756.0,1181.0,26543.0,808601.0,590626.0,38344.0,179631.0,808601.0
2023,2,2023-02-01,Tijuana-Ensenada,1304033.0,9732.0,14202.0,1250.0,69.0,23488.0,10078.0,1739.0,53454.0,3174.0,231.0,312.0,11632.0,1433394.0,1313765.0,15521.0,104108.0,1433394.0
2023,2,2023-02-01,Rancho Viejo-Taxco,81566.0,6993.0,2556.0,142.0,,2120.0,472.0,56.0,151.0,120.0,,,1.0,94177.0,88559.0,2698.0,2920.0,94177.0
2023,2,2023-02-01,La Rumorosa-Tecate,185442.0,519.0,6441.0,1935.0,13.0,8436.0,3886.0,1619.0,31709.0,1954.0,480.0,173.0,10753.0,253360.0,185961.0,8389.0,59010.0,253360.0
2023,2,2023-02-01,Salina Cruz-La Ventosa,82892.0,2664.0,895.0,424.0,,6960.0,4593.0,522.0,5388.0,2965.0,177.0,119.0,7161.0,114760.0,85556.0,1319.0,27885.0,114760.0
2023,2,2023-02-01,Chamapa-Lecheria,2856917.0,121836.0,22089.0,601.0,1.0,108543.0,54034.0,3830.0,58252.0,5518.0,175.0,22.0,7514.0,3239332.0,2978753.0,22691.0,237888.0,3239332.0
2023,2,2023-02-01,Estacion Don-Nogales,743158.0,3557.0,37179.0,25114.0,8.0,40485.0,28976.0,20139.0,292503.0,33662.0,4282.0,674.0,127498.0,1357235.0,746715.0,62301.0,548219.0,1357235.0
2023,2,2023-02-01,Durango-Mazatlan,187684.0,2463.0,8105.0,3786.0,3.0,10374.0,16323.0,2174.0,56388.0,6472.0,1994.0,834.0,40380.0,336980.0,190147.0,11894.0,134939.0,336980.0
2023,2,2023-02-01,Lagos de Moreno-San Luis Potosi,57998.0,579.0,1939.0,338.0,1.0,6500.0,6133.0,1688.0,49232.0,6148.0,1266.0,313.0,21559.0,153694.0,58577.0,2278.0,92839.0,153694.0
2023,2,2023-02-01,Libramiento Amecameca-Nepantla,234869.0,5053.0,1999.0,191.0,2.0,11693.0,11240.0,1752.0,14564.0,3018.0,126.0,28.0,4289.0,288824.0,239922.0,2192.0,46710.0,288824.0
2023,2,2023-02-01,Aeropuerto Los Cabos-San Jose del Cabo-Cabo San Lucas,316768.0,637.0,1632.0,202.0,3.0,2516.0,975.0,102.0,1226.0,739.0,54.0,14.0,1003.0,325871.0,317405.0,1837.0,6629.0,325871.0
2023,2,2023-02-01,Libramiento Poniente de Acapulco,43357.0,1154.0,267.0,192.0,,1567.0,2008.0,339.0,913.0,683.0,8.0,3.0,121.0,50612.0,44511.0,459.0,5642.0,50612.0
2023,2,2023-02-01,Puente el Zacatal,69188.0,1273.0,5327.0,1828.0,,9078.0,6841.0,1184.0,20988.0,3390.0,161.0,51.0,9813.0,129122.0,70461.0,7155.0,51506.0,129122.0
2023,3,2023-03-01,Cuernavaca-Acapulco,2477310.0,94573.0,69242.0,23529.0,108.0,67070.0,53294.0,8963.0,49988.0,18989.0,712.0,596.0,19593.0,2883967.0,2571883.0,92879.0,219205.0,2883967.0
2023,3,2023-03-01,Cordoba-Veracruz,659820.0,21589.0,26619.0,7299.0,7.0,50805.0,57344.0,8531.0,129946.0,27696.0,3392.0,940.0,114273.0,1108261.0,681409.0,33925.0,392927.0,1108261.0
2023,3,2023-03-01,La Tinaja-Cosoleacaque,398836.0,8376.0,29310.0,13558.0,3.0,47857.0,66756.0,13730.0,194101.0,44696.0,4324.0,1862.0,137509.0,960918.0,407212.0,42871.0,510835.0,960918.0
2023,3,2023-03-01,Lib Noreste de Queretaro,229426.0,1387.0,5174.0,2921.0,8.0,42373.0,30869.0,5489.0,220977.0,23137.0,1279.0,254.0,39437.0,602731.0,230813.0,8103.0,363815.0,602731.0
2023,3,2023-03-01,Libramiento Oriente de Saltillo,148600.0,1321.0,10719.0,10936.0,1363.0,23614.0,11566.0,2403.0,252427.0,22262.0,1676.0,561.0,34960.0,522408.0,149921.0,23018.0,349469.0,522408.0
2023,3,2023-03-01,La Carbonera-Puerto Mexico,169110.0,938.0,13343.0,11793.0,3.0,25458.0,12632.0,4513.0,269588.0,22727.0,1733.0,482.0,35810.0,568130.0,170048.0,25139.0,372943.0,568130.0
2023,3,2023-03-01,Libramiento Poniente de Tampico,241917.0,9232.0,1219.0,117.0,1.0,18789.0,14030.0,2517.0,33880.0,12128.0,1057.0,200.0,29257.0,364344.0,251149.0,1337.0,111858.0,364344.0
2023,3,2023-03-01,Champoton-Campeche,177020.0,4808.0,5285.0,1452.0,1.0,11580.0,13359.0,2270.0,31270.0,7147.0,514.0,110.0,19310.0,274126.0,181828.0,6738.0,85560.0,274126.0
2023,3,2023-03-01,Gomez Palacio-Corralitos,92021.0,267.0,14106.0,8272.0,3.0,8645.0,10347.0,6927.0,98139.0,20280.0,3643.0,516.0,30265.0,293431.0,92288.0,22381.0,178762.0,293431.0
2023,3,2023-03-01,Torreon-Saltillo,223553.0,948.0,19986.0,12915.0,2.0,12179.0,7219.0,6837.0,119455.0,24571.0,4419.0,791.0,54837.0,487712.0,224501.0,32903.0,230308.0,487712.0
2023,3,2023-03-01,Tihuatlan-Gutierrez Zamora,114473.0,1403.0,2426.0,1214.0,3.0,6834.0,7818.0,1934.0,18572.0,7027.0,312.0,106.0,11678.0,173800.0,115876.0,3643.0,54281.0,173800.0
2023,3,2023-03-01,Agua Dulce-Cardenas,156910.0,1559.0,6402.0,3628.0,,18980.0,19722.0,4157.0,65458.0,13935.0,1307.0,483.0,42583.0,335124.0,158469.0,10030.0,166625.0,335124.0
2023,3,2023-03-01,Las Choapas-Ocozocoautla,240374.0,6360.0,12302.0,5102.0,4.0,30700.0,32675.0,4018.0,65856.0,11911.0,1530.0,926.0,43481.0,455239.0,246734.0,17408.0,191097.0,455239.0
2023,3,2023-03-01,Mexico-Cuernavaca,831478.0,20259.0,33810.0,11100.0,35.0,27787.0,19885.0,2634.0,26611.0,5907.0,592.0,95.0,8009.0,988202.0,851737.0,44945.0,91520.0,988202.0
2023,3,2023-03-01,Puente de Ixtla-Iguala,95397.0,1194.0,5305.0,462.0,,7787.0,10469.0,1655.0,5767.0,4088.0,37.0,8.0,1609.0,133778.0,96591.0,5767.0,31420.0,133778.0
2023,3,2023-03-01,La Pera-Cuautla,881121.0,19259.0,23286.0,1433.0,17.0,25234.0,15285.0,1853.0,18218.0,4019.0,430.0,56.0,7751.0,997962.0,900380.0,24736.0,72846.0,997962.0
2023,3,2023-03-01,Zacapalco-Rancho Viejo,51507.0,2467.0,2002.0,138.0,,1563.0,529.0,150.0,140.0,117.0,4.0,,1.0,58618.0,53974.0,2140.0,2504.0,58618.0
2023,3,2023-03-01,Mexico-Queretaro,2573500.0,24714.0,113893.0,41546.0,43.0,238044.0,194549.0,25800.0,620796.0,58232.0,7863.0,2591.0,137335.0,4038906.0,2598214.0,155482.0,1285210.0,4038906.0
2023,3,2023-03-01,Mexico-Puebla,3581756.0,47878.0,133052.0,27761.0,208.0,184572.0,137621.0,11178.0,266003.0,30083.0,3863.0,1667.0,94305.0,4519947.0,3629634.0,161021.0,729292.0,4519947.0
2023,3,2023-03-01,Queretaro-Irapuato,1680975.0,15781.0,47779.0,21465.0,360.0,153134.0,143479.0,17530.0,391350.0,52376.0,8117.0,1522.0,106917.0,2640785.0,1696756.0,69604.0,874425.0,2640785.0
2023,3,2023-03-01,Puebla-Acatzingo,1062166.0,8902.0,59579.0,9689.0,168.0,73446.0,70639.0,6938.0,128377.0,21452.0,2819.0,861.0,72835.0,1517871.0,1071068.0,69436.0,377367.0,1517871.0
2023,3,2023-03-01,Acatzingo-Cd Mendoza,257452.0,2306.0,15261.0,5862.0,7.0,29195.0,43553.0,3962.0,94776.0,14284.0,2390.0,940.0,61573.0,531561.0,259758.0,21130.0,250673.0,531561.0
2023,3,2023-03-01,Cd Mendoza-Cordoba,710198.0,28527.0,39838.0,6842.0,,49743.0,62325.0,6861.0,106291.0,19053.0,2960.0,2092.0,71178.0,1105908.0,738725.0,46680.0,320503.0,1105908.0
2023,3,2023-03-01,Tehuacan-Oaxaca,657407.0,8789.0,35399.0,10097.0,26.0,49650.0,54139.0,4080.0,51912.0,12196.0,1971.0,1192.0,28876.0,915734.0,666196.0,45522.0,204016.0,915734.0
2023,3,2023-03-01,Tijuana-Ensenada,1435086.0,10715.0,15957.0,1463.0,92.0,27676.0,10991.0,1878.0,63099.0,3650.0,268.0,335.0,12869.0,1584079.0,1445801.0,17512.0,120766.0,1584079.0
2023,3,2023-03-01,Rancho Viejo-Taxco,86118.0,7171.0,2756.0,156.0,,2554.0,538.0,54.0,166.0,138.0,,,,99651.0,93289.0,2912.0,3450.0,99651.0
2023,3,2023-03-01,La Rumorosa-Tecate,226041.0,1005.0,7788.0,2226.0,16.0,10321.0,4499.0,1895.0,36273.0,2205.0,608.0,159.0,12221.0,305257.0,227046.0,10030.0,68181.0,305257.0
2023,3,2023-03-01,Salina Cruz-La Ventosa,101610.0,3617.0,1268.0,609.0,1.0,8337.0,5415.0,733.0,6395.0,4509.0,184.0,172.0,9409.0,142259.0,105227.0,1878.0,35154.0,142259.0
2023,3,2023-03-01,Chamapa-Lecheria,3170848.0,136914.0,25234.0,930.0,3.0,125169.0,60995.0,4416.0,65841.0,6566.0,206.0,17.0,8128.0,3605267.0,3307762.0,26167.0,271338.0,3605267.0
2023,3,2023-03-01,Estacion Don-Nogales,889103.0,2904.0,42662.0,27632.0,37.0,49133.0,34780.0,22692.0,336911.0,40698.0,5202.0,916.0,139037.0,1591707.0,892007.0,70331.0,629369.0,1591707.0
2023,3,2023-03-01,Durango-Mazatlan,232067.0,3178.0,8970.0,4355.0,1.0,11625.0,19832.0,2269.0,60959.0,7807.0,2808.0,1241.0,49424.0,404536.0,235245.0,13326.0,155965.0,404536.0
2023,3,2023-03-01,Lagos de Moreno-San Luis Potosi,68216.0,439.0,2295.0,458.0,4.0,7716.0,7089.0,1800.0,57979.0,7078.0,1470.0,168.0,24835.0,179547.0,68655.0,2757.0,108135.0,179547.0
2023,3,2023-03-01,Libramiento Amecameca-Nepantla,264650.0,5309.0,2824.0,358.0,,13108.0,11925.0,1950.0,16399.0,3542.0,148.0,44.0,4760.0,325017.0,269959.0,3182.0,51876.0,325017.0
2023,3,2023-03-01,Aeropuerto Los Cabos-San Jose del Cabo-Cabo San Lucas,358399.0,691.0,2149.0,227.0,2.0,2872.0,939.0,118.0,1342.0,772.0,81.0,14.0,1147.0,368753.0,359090.0,2378.0,7285.0,368753.0
2023,3,2023-03-01,Libramiento Poniente de Acapulco,46984.0,1276.0,570.0,539.0,1.0,1710.0,2366.0,448.0,1071.0,861.0,6.0,2.0,177.0,56011.0,48260.0,1110.0,6641.0,56011.0
2023,3,2023-03-01,Puente el Zacatal,78364.0,1405.0,5921.0,2080.0,,10336.0,8293.0,1409.0,24522.0,4139.0,226.0,77.0,11969.0,148741.0,79769.0,8001.0,60971.0,148741.0
2023,4,2023-04-01,Cuernavaca-Acapulco,2802558.0,90990.0,74296.0,24970.0,65.0,61539.0,50231.0,7671.0,47970.0,17044.0,577.0,209.0,18523.0,3196643.0,2893548.0,99331.0,203764.0,3196643.0
2023,4,2023-04-01,Cordoba-Veracruz,738549.0,20918.0,30459.0,8463.0,4.0,45839.0,52762.0,7970.0,121730.0,26172.0,3277.0,770.0,107765.0,1164678.0,759467.0,38926.0,366285.0,1164678.0
2023,4,2023-04-01,La Tinaja-Cosoleacaque,461106.0,8220.0,33734.0,15145.0,2.0,42345.0,59762.0,13368.0,178040.0,42499.0,3886.0,1737.0,129761.0,989605.0,469326.0,48881.0,471398.0,989605.0
2023,4,2023-04-01,Lib Noreste de Queretaro,246309.0,1706.0,5812.0,2717.0,8.0,38072.0,29249.0,5237.0,206325.0,20443.0,1251.0,182.0,37082.0,594393.0,248015.0,8537.0,337841.0,594393.0
2023,4,2023-04-01,Libramiento Oriente de Saltillo,192639.0,1309.0,11204.0,10699.0,1342.0,20486.0,10766.0,2176.0,229522.0,19012.0,1701.0,533.0,33068.0,534457.0,193948.0,23245.0,317264.0,534457.0
2023,4,2023-04-01,La Carbonera-Puerto Mexico,214659.0,1027.0,13615.0,11236.0,11.0,22577.0,11876.0,4170.0,244295.0,19861.0,1759.0,504.0,33663.0,579253.0,215686.0,24862.0,338705.0,579253.0
2023,4,2023-04-01,Libramiento Poniente de Tampico,246677.0,8731.0,1347.0,249.0,1.0,17166.0,13890.0,2130.0,31055.0,10037.0,774.0,117.0,26503.0,358677.0,255408.0,1597.0,101672.0,358677.0
2023,4,2023-04-01,Champoton-Campeche,205207.0,5127.0,5883.0,1805.0,,10032.0,12338.0,2111.0,28753.0,6234.0,541.0,122.0,19050.0,297203.0,210334.0,7688.0,79181.0,297203.0
2023,4,2023-04-01,Gomez Palacio-Corralitos,118803.0,1156.0,12902.0,8139.0,8.0,8032.0,9172.0,8409.0,89020.0,19892.0,3403.0,1142.0,28598.0,308676.0,119959.0,21049.0,167668.0,308676.0
2023,4,2023-04-01,Torreon-Saltillo,264511.0,3416.0,19022.0,12695.0,4.0,10705.0,6169.0,6202.0,109760.0,22048.0,4084.0,708.0,51807.0,511131.0,267927.0,31721.0,211483.0,511131.0
2023,4,2023-04-01,Tihuatlan-Gutierrez Zamora,152208.0,1677.0,3347.0,1470.0,5.0,5793.0,7005.0,1700.0,17000.0,5834.0,324.0,58.0,10999.0,207420.0,153885.0,4822.0,48713.0,207420.0
2023,4,2023-04-01,Agua Dulce-Cardenas,181214.0,1953.0,7351.0,3794.0,1.0,17147.0,18009.0,4021.0,61403.0,14084.0,1353.0,440.0,42906.0,353676.0,183167.0,11146.0,159363.0,353676.0
2023,4,2023-04-01,Las Choapas-Ocozocoautla,261648.0,5810.0,13721.0,5583.0,,27832.0,29762.0,3619.0,61603.0,10834.0,1418.0,813.0,41997.0,464640.0,267458.0,19304.0,177878.0,464640.0
2023,4,2023-04-01,Mexico-Cuernavaca,966146.0,24977.0,35532.0,11710.0,31.0,26103.0,18528.0,2371.0,24681.0,5303.0,458.0,70.0,7412.0,1123322.0,991123.0,47273.0,84926.0,1123322.0
2023,4,2023-04-01,Puente de Ixtla-Iguala,97301.0,1159.0,5511.0,405.0,,6956.0,9895.0,1395.0,5375.0,3394.0,50.0,8.0,1478.0,132927.0,98460.0,5916.0,28551.0,132927.0
2023,4,2023-04-01,La Pera-Cuautla,962110.0,20972.0,22163.0,1419.0,9.0,21970.0,13468.0,1704.0,17044.0,3910.0,301.0,143.0,7085.0,1072298.0,983082.0,23591.0,65625.0,1072298.0
2023,4,2023-04-01,Zacapalco-Rancho Viejo,60615.0,2800.0,2176.0,150.0,,1464.0,504.0,140.0,148.0,107.0,1.0,,,68105.0,63415.0,2326.0,2364.0,68105.0
2023,4,2023-04-01,Mexico-Queretaro,2790801.0,28878.0,120060.0,44953.0,27.0,202223.0,177449.0,22377.0,569154.0,52305.0,6689.0,2160.0,128374.0,4145450.0,2819679.0,165040.0,1160731.0,4145450.0
2023,4,2023-04-01,Mexico-Puebla,3642186.0,51396.0,135876.0,30073.0,297.0,166349.0,126781.0,10598.0,245671.0,27949.0,3448.0,1484.0,88203.0,4530311.0,3693582.0,166246.0,670483.0,4530311.0
2023,4,2023-04-01,Queretaro-Irapuato,1528880.0,13259.0,44963.0,22080.0,74.0,121602.0,121776.0,13655.0,339103.0,40867.0,8783.0,1153.0,96791.0,2352986.0,1542139.0,67117.0,743730.0,2352986.0
2023,4,2023-04-01,Puebla-Acatzingo,1130464.0,10104.0,63730.0,10570.0,194.0,65390.0,65626.0,6488.0,118268.0,19398.0,2698.0,957.0,67521.0,1561408.0,1140568.0,74494.0,346346.0,1561408.0
2023,4,2023-04-01,Acatzingo-Cd Mendoza,312356.0,2955.0,17748.0,6636.0,17.0,26358.0,40630.0,3636.0,87536.0,13046.0,2203.0,853.0,57719.0,571693.0,315311.0,24401.0,231981.0,571693.0
2023,4,2023-04-01,Cd Mendoza-Cordoba,724443.0,27278.0,41800.0,7106.0,,44560.0,58203.0,6466.0,97169.0,17832.0,2579.0,1680.0,68063.0,1097179.0,751721.0,48906.0,296552.0,1097179.0
2023,4,2023-04-01,Tehuacan-Oaxaca,771335.0,10308.0,42579.0,12137.0,32.0,43363.0,48448.0,3573.0,45596.0,10722.0,1867.0,1104.0,28107.0,1019171.0,781643.0,54748.0,182780.0,1019171.0
2023,4,2023-04-01,Tijuana-Ensenada,963256.0,5903.0,13885.0,1258.0,53.0,24188.0,9619.0,1826.0,63629.0,3486.0,346.0,366.0,16134.0,1103949.0,969159.0,15196.0,119594.0,1103949.0
2023,4,2023-04-01,Rancho Viejo-Taxco,98595.0,7216.0,2894.0,187.0,,2365.0,466.0,38.0,154.0,103.0,,,,112018.0,105811.0,3081.0,3126.0,112018.0
2023,4,2023-04-01,La Rumorosa-Tecate,259167.0,1380.0,8291.0,2421.0,24.0,9409.0,4106.0,1892.0,35424.0,2248.0,699.0,182.0,11962.0,337205.0,260547.0,10736.0,65922.0,337205.0
2023,4,2023-04-01,Salina Cruz-La Ventosa,126356.0,3591.0,1464.0,737.0,,7206.0,5263.0,667.0,5866.0,3485.0,172.0,142.0,8203.0,163152.0,129947.0,2201.0,31004.0,163152.0
2023,4,2023-04-01,Chamapa-Lecheria,2886254.0,126629.0,21212.0,745.0,2.0,108899.0,54825.0,4170.0,61322.0,5779.0,188.0,28.0,7922.0,3277975.0,3012883.0,21959.0,243133.0,3277975.0
2023,4,2023-04-01,Estacion Don-Nogales,1054643.0,5853.0,45204.0,29550.0,19.0,43163.0,31383.0,19676.0,307001.0,35070.0,4708.0,839.0,128595.0,1705704.0,1060496.0,74773.0,570435.0,1705704.0
2023,4,2023-04-01,Durango-Mazatlan,350104.0,27099.0,11465.0,6270.0,3.0,10790.0,15888.0,2041.0,52513.0,7022.0,2511.0,1071.0,43225.0,530002.0,377203.0,17738.0,135061.0,530002.0
2023,4,2023-04-01,Lagos de Moreno-San Luis Potosi,83524.0,1258.0,2681.0,603.0,,6635.0,6636.0,1560.0,52126.0,5986.0,1258.0,168.0,23461.0,185896.0,84782.0,3284.0,97830.0,185896.0
2023,4,2023-04-01,Libramiento Amecameca-Nepantla,318058.0,6748.0,2670.0,225.0,,11567.0,9829.0,1520.0,14073.0,2907.0,115.0,59.0,4702.0,372473.0,324806.0,2895.0,44772.0,372473.0
2023,4,2023-04-01,Aeropuerto Los Cabos-San Jose del Cabo-Cabo San Lucas,318418.0,531.0,1849.0,203.0,3.0,2475.0,679.0,83.0,1248.0,690.0,57.0,8.0,991.0,327235.0,318949.0,2055.0,6231.0,327235.0
2023,4,2023-04-01,Libramiento Poniente de Acapulco,60668.0,1421.0,884.0,607.0,,1664.0,2412.0,444.0,1199.0,848.0,10.0,10.0,211.0,70378.0,62089.0,1491.0,6798.0,70378.0
2023,4,2023-04-01,Puente el Zacatal,104412.0,1596.0,6124.0,2073.0,,9081.0,7371.0,1417.0,22888.0,3956.0,256.0,78.0,12755.0,172007.0,106008.0,8197.0,57802.0,172007.0
2023,5,2023-05-01,Cuernavaca-Acapulco,2388702.0,111050.0,73337.0,26273.0,82.0,64740.0,54728.0,8137.0,50152.0,18572.0,575.0,375.0,19245.0,2815968.0,2499752.0,99692.0,216524.0,2815968.0
2023,5,2023-05-01,Cordoba-Veracruz,681028.0,20946.0,29855.0,7709.0,22.0,50133.0,55683.0,8630.0,126517.0,28754.0,3455.0,704.0,109991.0,1123427.0,701974.0,37586.0,383867.0,1123427.0
2023,5,2023-05-01,La Tinaja-Cosoleacaque,402702.0,7604.0,31496.0,14468.0,4.0,46601.0,63356.0,14468.0,188109.0,45842.0,4475.0,1716.0,132191.0,953032.0,410306.0,45968.0,496758.0,953032.0
2023,5,2023-05-01,Lib Noreste de Queretaro,237704.0,1630.0,6434.0,2932.0,9.0,43177.0,35735.0,5901.0,225346.0,23057.0,1265.0,154.0,39481.0,622825.0,239334.0,9375.0,374116.0,622825.0
2023,5,2023-05-01,Libramiento Oriente de Saltillo,139385.0,1532.0,7332.0,6559.0,469.0,26923.0,15800.0,3575.0,245803.0,20603.0,1983.0,693.0,33913.0,504570.0,140917.0,14360.0,349293.0,504570.0
2023,5,2023-05-01,La Carbonera-Puerto Mexico,158916.0,1294.0,14075.0,11050.0,7.0,25589.0,13525.0,4694.0,267107.0,21720.0,1800.0,475.0,34386.0,554638.0,160210.0,25132.0,369296.0,554638.0
2023,5,2023-05-01,Libramiento Poniente de Tampico,249172.0,10239.0,1185.0,159.0,2.0,18588.0,15432.0,2542.0,33219.0,11211.0,821.0,136.0,28524.0,371230.0,259411.0,1346.0,110473.0,371230.0
2023,5,2023-05-01,Champoton-Campeche,179350.0,5075.0,4936.0,1307.0,1.0,11304.0,13499.0,2743.0,31397.0,8468.0,583.0,123.0,19410.0,278196.0,184425.0,6244.0,87527.0,278196.0
2023,5,2023-05-01,Gomez Palacio-Corralitos,102432.0,530.0,13408.0,8252.0,2.0,8791.0,10454.0,9139.0,98410.0,22120.0,3816.0,1290.0,31400.0,310044.0,102962.0,21662.0,185420.0,310044.0
2023,5,2023-05-01,Torreon-Saltillo,220186.0,1426.0,20184.0,13199.0,,11654.0,5931.0,6436.0,119959.0,24384.0,4832.0,723.0,53741.0,482655.0,221612.0,33383.0,227660.0,482655.0
2023,5,2023-05-01,Tihuatlan-Gutierrez Zamora,115977.0,1441.0,3198.0,1481.0,8.0,6700.0,7728.0,1738.0,18533.0,6078.0,314.0,71.0,11659.0,174926.0,117418.0,4687.0,52821.0,174926.0
2023,5,2023-05-01,Agua Dulce-Cardenas,156295.0,1805.0,6417.0,3389.0,1.0,18595.0,19463.0,4503.0,66120.0,15863.0,1640.0,518.0,44691.0,339300.0,158100.0,9807.0,171393.0,339300.0
2023,5,2023-05-01,Las Choapas-Ocozocoautla,234719.0,5724.0,12716.0,5103.0,4.0,30314.0,32377.0,4154.0,63122.0,11730.0,1500.0,835.0,42580.0,444878.0,240443.0,17823.0,186612.0,444878.0
2023,5,2023-05-01,Mexico-Cuernavaca,803719.0,21419.0,34248.0,11854.0,24.0,27288.0,19670.0,2295.0,28213.0,5794.0,463.0,110.0,7241.0,962338.0,825138.0,46126.0,91074.0,962338.0
2023,5,2023-05-01,Puente de Ixtla-Iguala,93358.0,1183.0,5433.0,515.0,,7740.0,10327.0,1525.0,5716.0,3818.0,28.0,24.0,1528.0,131195.0,94541.0,5948.0,30706.0,131195.0
2023,5,2023-05-01,La Pera-Cuautla,799272.0,18452.0,23130.0,1359.0,3.0,23206.0,18783.0,1695.0,18903.0,4394.0,385.0,240.0,7506.0,917328.0,817724.0,24492.0,75112.0,917328.0
2023,5,2023-05-01,Zacapalco-Rancho Viejo,49711.0,2365.0,2150.0,163.0,,1570.0,520.0,159.0,159.0,104.0,,1.0,2.0,56904.0,52076.0,2313.0,2515.0,56904.0
2023,5,2023-05-01,Mexico-Queretaro,2590675.0,21104.0,122805.0,42999.0,37.0,225854.0,196798.0,25528.0,617661.0,57666.0,7126.0,2565.0,136953.0,4047771.0,2611779.0,165841.0,1270151.0,4047771.0
2023,5,2023-05-01,Mexico-Puebla,3612072.0,51063.0,132446.0,29852.0,242.0,183443.0,138314.0,11033.0,264741.0,29803.0,3696.0,1676.0,93087.0,4551468.0,3663135.0,162540.0,725793.0,4551468.0
2023,5,2023-05-01,Queretaro-Irapuato,1261255.0,7734.0,42052.0,21273.0,22.0,127361.0,122085.0,14217.0,352180.0,41485.0,8458.0,1174.0,102995.0,2102291.0,1268989.0,63347.0,769955.0,2102291.0
2023,5,2023-05-01,Puebla-Acatzingo,1070094.0,10322.0,60328.0,10294.0,137.0,71772.0,70280.0,7041.0,125790.0,20844.0,2933.0,1083.0,69629.0,1520547.0,1080416.0,70759.0,369372.0,1520547.0
2023,5,2023-05-01,Acatzingo-Cd Mendoza,266556.0,2571.0,16277.0,6432.0,19.0,28750.0,42708.0,3906.0,90944.0,14184.0,2350.0,889.0,58605.0,534191.0,269127.0,22728.0,242336.0,534191.0
2023,5,2023-05-01,Cd Mendoza-Cordoba,92143.0,3800.0,5303.0,973.0,,6472.0,7862.0,856.0,12237.0,2394.0,363.0,223.0,8586.0,141212.0,95943.0,6276.0,38993.0,141212.0
2023,5,2023-05-01,Tehuacan-Oaxaca,658618.0,12848.0,37098.0,11219.0,28.0,47317.0,51601.0,4197.0,50345.0,11538.0,1993.0,1024.0,30115.0,917941.0,671466.0,48345.0,198130.0,917941.0
2023,5,2023-05-01,Tijuana-Ensenada,861603.0,5218.0,14966.0,1373.0,63.0,25867.0,10022.0,2240.0,71686.0,3973.0,382.0,608.0,21576.0,1019577.0,866821.0,16402.0,136354.0,1019577.0
2023,5,2023-05-01,Rancho Viejo-Taxco,83012.0,7113.0,2883.0,202.0,,2341.0,468.0,43.0,139.0,114.0,,,,96315.0,90125.0,3085.0,3105.0,96315.0
2023,5,2023-05-01,La Rumorosa-Tecate,240031.0,1598.0,8330.0,2238.0,22.0,10251.0,4599.0,2048.0,38890.0,2407.0,818.0,203.0,13622.0,325057.0,241629.0,10590.0,72838.0,325057.0
2023,5,2023-05-01,Salina Cruz-La Ventosa,98171.0,3473.0,1253.0,630.0,,8005.0,5415.0,593.0,5455.0,3320.0,122.0,149.0,8441.0,135027.0,101644.0,1883.0,31500.0,135027.0
2023,5,2023-05-01,Chamapa-Lecheria,3181556.0,134799.0,25703.0,829.0,1.0,123795.0,64314.0,4891.0,67437.0,6388.0,195.0,26.0,8721.0,3618655.0,3316355.0,26533.0,275767.0,3618655.0
2023,5,2023-05-01,Estacion Don-Nogales,900425.0,3775.0,44930.0,28846.0,9.0,47746.0,35714.0,23845.0,319435.0,41361.0,5489.0,1025.0,129571.0,1582171.0,904200.0,73785.0,604186.0,1582171.0
2023,5,2023-05-01,Durango-Mazatlan,261225.0,3309.0,12046.0,6851.0,1.0,11854.0,10969.0,2263.0,53079.0,8250.0,2749.0,1182.0,44735.0,418513.0,264534.0,18898.0,135081.0,418513.0
2023,5,2023-05-01,Lagos de Moreno-San Luis Potosi,65201.0,336.0,2264.0,487.0,2.0,7576.0,6562.0,1744.0,55639.0,6711.0,1487.0,303.0,25573.0,173885.0,65537.0,2753.0,105595.0,173885.0
2023,5,2023-05-01,Libramiento Amecameca-Nepantla,249756.0,5433.0,2774.0,301.0,1.0,11854.0,9602.0,1799.0,15241.0,3339.0,145.0,97.0,4148.0,304490.0,255189.0,3076.0,46225.0,304490.0
2023,5,2023-05-01,Aeropuerto Los Cabos-San Jose del Cabo-Cabo San Lucas,310253.0,549.0,1712.0,120.0,1.0,2636.0,778.0,153.0,1380.0,784.0,63.0,13.0,956.0,319398.0,310802.0,1833.0,6763.0,319398.0
2023,5,2023-05-01,Libramiento Poniente de Acapulco,48834.0,1296.0,728.0,544.0,,1946.0,2735.0,478.0,1309.0,835.0,9.0,7.0,237.0,58958.0,50130.0,1272.0,7556.0,58958.0
2023,5,2023-05-01,Puente el Zacatal,78501.0,1249.0,5748.0,2046.0,,10316.0,8095.0,1676.0,24370.0,4393.0,284.0,103.0,12676.0,149457.0,79750.0,7794.0,61913.0,149457.0
2023,6,2023-06-01,Cuernavaca-Acapulco,2184350.0,99464.0,65339.0,23316.0,53.0,63488.0,51285.0,8002.0,50085.0,18823.0,618.0,392.0,19034.0,2584249.0,2283814.0,88708.0,211727.0,2584249.0
2023,6,2023-06-01,Cordoba-Veracruz,652190.0,23000.0,27128.0,7110.0,8.0,49963.0,53549.0,8396.0,124456.0,28140.0,3530.0,1039.0,107380.0,1085889.0,675190.0,34246.0,376453.0,1085889.0
2023,6,2023-06-01,La Tinaja-Cosoleacaque,360653.0,6973.0,28371.0,12742.0,5.0,44956.0,58879.0,13868.0,181769.0,42692.0,4742.0,1906.0,127064.0,884620.0,367626.0,41118.0,475876.0,884620.0
2023,6,2023-06-01,Lib Noreste de Queretaro,219029.0,1468.0,5191.0,2903.0,7.0,42241.0,38072.0,5615.0,216547.0,23576.0,1380.0,163.0,37735.0,593927.0,220497.0,8101.0,365329.0,593927.0
2023,6,2023-06-01,Libramiento Oriente de Saltillo,138239.0,1418.0,5874.0,5448.0,2.0,28017.0,17558.0,3667.0,238801.0,20226.0,2201.0,549.0,30416.0,492416.0,139657.0,11324.0,341435.0,492416.0
2023,6,2023-06-01,La Carbonera-Puerto Mexico,155733.0,993.0,13726.0,10802.0,2.0,25317.0,13824.0,4455.0,255425.0,20891.0,1903.0,415.0,31236.0,534722.0,156726.0,24530.0,353466.0,534722.0
2023,6,2023-06-01,Libramiento Poniente de Tampico,239740.0,10434.0,1080.0,173.0,3.0,18278.0,13808.0,2535.0,31972.0,11597.0,966.0,166.0,30170.0,360922.0,250174.0,1256.0,109492.0,360922.0
2023,6,2023-06-01,Champoton-Campeche,174809.0,4796.0,4771.0,1274.0,1.0,11275.0,15258.0,2714.0,32557.0,9660.0,567.0,89.0,19044.0,276815.0,179605.0,6046.0,91164.0,276815.0
2023,6,2023-06-01,Gomez Palacio-Corralitos,99263.0,397.0,13681.0,8553.0,2.0,9186.0,11801.0,8018.0,103839.0,21575.0,3110.0,587.0,28156.0,308168.0,99660.0,22236.0,186272.0,308168.0
2023,6,2023-06-01,Torreon-Saltillo,219548.0,895.0,19213.0,12625.0,1.0,11561.0,6425.0,6570.0,117918.0,24256.0,3704.0,545.0,44660.0,467921.0,220443.0,31839.0,215639.0,467921.0
2023,6,2023-06-01,Tihuatlan-Gutierrez Zamora,104756.0,1516.0,2860.0,1249.0,7.0,6334.0,7378.0,1740.0,17853.0,6437.0,346.0,78.0,11332.0,161886.0,106272.0,4116.0,51498.0,161886.0
2023,6,2023-06-01,Agua Dulce-Cardenas,148914.0,1643.0,6707.0,3309.0,1.0,18311.0,19166.0,4408.0,67737.0,14347.0,1598.0,526.0,42223.0,328890.0,150557.0,10017.0,168316.0,328890.0
2023,6,2023-06-01,Las Choapas-Ocozocoautla,221603.0,5639.0,11765.0,4606.0,,30470.0,31979.0,4100.0,61555.0,11638.0,1407.0,932.0,41417.0,427111.0,227242.0,16371.0,183498.0,427111.0
2023,6,2023-06-01,Mexico-Cuernavaca,734896.0,21606.0,30515.0,10572.0,30.0,26071.0,18927.0,2288.0,28255.0,5923.0,531.0,82.0,7199.0,886895.0,756502.0,41117.0,89276.0,886895.0
2023,6,2023-06-01,Puente de Ixtla-Iguala,84412.0,1158.0,4753.0,473.0,,7490.0,9515.0,1361.0,5131.0,3479.0,32.0,8.0,1366.0,119178.0,85570.0,5226.0,28382.0,119178.0
2023,6,2023-06-01,La Pera-Cuautla,850627.0,21928.0,21116.0,1182.0,25.0,24441.0,15022.0,1751.0,19392.0,4535.0,367.0,213.0,7910.0,968509.0,872555.0,22323.0,73631.0,968509.0
2023,6,2023-06-01,Zacapalco-Rancho Viejo,45336.0,2663.0,1840.0,101.0,,1613.0,550.0,156.0,120.0,116.0,,,3.0,52498.0,47999.0,1941.0,2558.0,52498.0
2023,6,2023-06-01,Mexico-Queretaro,2457900.0,21301.0,112056.0,38770.0,53.0,224658.0,194953.0,25957.0,607305.0,57454.0,7009.0,2695.0,132634.0,3882745.0,2479201.0,150879.0,1252665.0,3882745.0
2023,6,2023-06-01,Mexico-Puebla,3438759.0,51341.0,122615.0,25963.0,220.0,183315.0,135303.0,11842.0,266185.0,29272.0,3558.0,1636.0,92148.0,4362157.0,3490100.0,148798.0,723259.0,4362157.0
2023,6,2023-06-01,Queretaro-Irapuato,1199496.0,7808.0,36148.0,18166.0,10.0,128310.0,118081.0,13505.0,349731.0,41006.0,7561.0,1288.0,101014.0,2022124.0,1207304.0,54324.0,760496.0,2022124.0
2023,6,2023-06-01,Puebla-Acatzingo,1058666.0,12018.0,57749.0,9324.0,202.0,72808.0,70487.0,7181.0,127399.0,20904.0,2913.0,972.0,69585.0,1510208.0,1070684.0,67275.0,372249.0,1510208.0
2023,6,2023-06-01,Acatzingo-Cd Mendoza,253823.0,3391.0,14520.0,5527.0,25.0,28717.0,39430.0,3898.0,89399.0,13744.0,2456.0,898.0,59988.0,515816.0,257214.0,20072.0,238530.0,515816.0
2023,6,2023-06-01,Cd Mendoza-Cordoba,,,,,,,,,,,,,,,,,,
2023,6,2023-06-01,Tehuacan-Oaxaca,605141.0,10440.0,33066.0,9147.0,28.0,45989.0,50866.0,4276.0,51871.0,12541.0,2098.0,1138.0,28748.0,855349.0,615581.0,42241.0,197527.0,855349.0
2023,6,2023-06-01,Tijuana-Ensenada,887287.0,4401.0,14615.0,1287.0,48.0,26030.0,9701.0,2361.0,72928.0,4356.0,406.0,653.0,23096.0,1047169.0,891688.0,15950.0,139531.0,1047169.0
2023,6,2023-06-01,Rancho Viejo-Taxco,74824.0,7255.0,2430.0,111.0,,2346.0,546.0,57.0,147.0,121.0,,,,87837.0,82079.0,2541.0,3217.0,87837.0
2023,6,2023-06-01,La Rumorosa-Tecate,239350.0,1146.0,7986.0,2213.0,28.0,10232.0,4451.0,1937.0,37693.0,2501.0,918.0,211.0,14860.0,323526.0,240496.0,10227.0,72803.0,323526.0
2023,6,2023-06-01,Salina Cruz-La Ventosa,84660.0,3301.0,937.0,422.0,1.0,7290.0,4918.0,609.0,5648.0,3294.0,174.0,130.0,6546.0,117930.0,87961.0,1360.0,28609.0,117930.0
2023,6,2023-06-01,Chamapa-Lecheria,3078490.0,141815.0,23769.0,612.0,3.0,123890.0,62358.0,4562.0,66412.0,5876.0,191.0,20.0,8145.0,3516143.0,3220305.0,24384.0,271454.0,3516143.0
2023,6,2023-06-01,Estacion Don-Nogales,875388.0,3107.0,41484.0,28459.0,1.0,47395.0,31972.0,20847.0,306327.0,36435.0,4944.0,900.0,111419.0,1508678.0,878495.0,69944.0,560239.0,1508678.0
2023,6,2023-06-01,Durango-Mazatlan,265166.0,3060.0,12302.0,7388.0,2.0,11339.0,9673.0,2152.0,52986.0,8579.0,2690.0,1142.0,39566.0,416045.0,268226.0,19692.0,128127.0,416045.0
2023,6,2023-06-01,Lagos de Moreno-San Luis Potosi,61982.0,430.0,2006.0,389.0,1.0,7441.0,7047.0,1849.0,53590.0,7106.0,1421.0,256.0,25574.0,169092.0,62412.0,2396.0,104284.0,169092.0
2023,6,2023-06-01,Libramiento Amecameca-Nepantla,232809.0,5013.0,2180.0,171.0,,11280.0,9009.0,1696.0,14171.0,2960.0,145.0,89.0,4086.0,283609.0,237822.0,2351.0,43436.0,283609.0
2023,6,2023-06-01,Aeropuerto Los Cabos-San Jose del Cabo-Cabo San Lucas,303988.0,466.0,1707.0,137.0,1.0,2771.0,877.0,104.0,1345.0,856.0,73.0,4.0,961.0,313290.0,304454.0,1845.0,6991.0,313290.0
2023,6,2023-06-01,Libramiento Poniente de Acapulco,43166.0,1200.0,709.0,504.0,1.0,1720.0,2436.0,534.0,1543.0,1065.0,4.0,12.0,210.0,53104.0,44366.0,1214.0,7524.0,53104.0
2023,6,2023-06-01,Puente el Zacatal,75985.0,1220.0,5626.0,2005.0,1.0,10284.0,8305.0,1610.0,24280.0,4032.0,237.0,93.0,11905.0,145583.0,77205.0,7632.0,60746.0,145583.0
2023,7,2023-07-01,Cuernavaca-Acapulco,2540565.0,93841.0,61361.0,25889.0,78.0,62755.0,48245.0,7798.0,47860.0,17197.0,583.0,368.0,18787.0,2925327.0,2634406.0,87328.0,203593.0,2925327.0
2023,7,2023-07-01,Cordoba-Veracruz,719130.0,24437.0,32813.0,9371.0,7.0,49475.0,52722.0,8653.0,125677.0,27079.0,3581.0,1228.0,104984.0,1159157.0,743567.0,42191.0,373399.0,1159157.0
2023,7,2023-07-01,La Tinaja-Cosoleacaque,448512.0,8665.0,36288.0,16123.0,9.0,46523.0,60816.0,14260.0,181038.0,42134.0,4806.0,1975.0,130305.0,991454.0,457177.0,52420.0,481857.0,991454.0
2023,7,2023-07-01,Lib Noreste de Queretaro,236731.0,1751.0,5805.0,3071.0,14.0,39422.0,35389.0,5587.0,208424.0,21787.0,1207.0,174.0,36563.0,595925.0,238482.0,8890.0,348553.0,595925.0
2023,7,2023-07-01,Libramiento Oriente de Saltillo,191838.0,2322.0,5404.0,6671.0,5.0,29402.0,16796.0,3711.0,228538.0,19404.0,1991.0,573.0,30185.0,536840.0,194160.0,12080.0,330600.0,536840.0
2023,7,2023-07-01,La Carbonera-Puerto Mexico,209727.0,1676.0,14877.0,12429.0,5.0,25040.0,12957.0,4353.0,248181.0,20095.0,1812.0,444.0,31395.0,582991.0,211403.0,27311.0,344277.0,582991.0
2023,7,2023-07-01,Libramiento Poniente de Tampico,256964.0,11498.0,1831.0,291.0,3.0,18784.0,11656.0,2613.0,32542.0,11414.0,901.0,209.0,32178.0,380884.0,268462.0,2125.0,110297.0,380884.0
2023,7,2023-07-01,Champoton-Campeche,199019.0,4933.0,5742.0,1611.0,1.0,11265.0,16270.0,2711.0,32178.0,8922.0,444.0,99.0,19366.0,302561.0,203952.0,7354.0,91255.0,302561.0
2023,7,2023-07-01,Gomez Palacio-Corralitos,140164.0,1258.0,16112.0,9579.0,13.0,8720.0,15118.0,8260.0,105254.0,22669.0,2968.0,437.0,29179.0,359731.0,141422.0,25704.0,192605.0,359731.0
2023,7,2023-07-01,Torreon-Saltillo,269934.0,1298.0,20232.0,13795.0,4.0,11093.0,7542.0,6580.0,114557.0,23263.0,3173.0,420.0,42678.0,514569.0,271232.0,34031.0,209306.0,514569.0
2023,7,2023-07-01,Tihuatlan-Gutierrez Zamora,133692.0,1921.0,3831.0,1531.0,4.0,6457.0,6404.0,1702.0,17406.0,6457.0,299.0,65.0,11404.0,191173.0,135613.0,5366.0,50194.0,191173.0
2023,7,2023-07-01,Agua Dulce-Cardenas,176675.0,1716.0,8210.0,3940.0,,18675.0,19907.0,4459.0,66886.0,14327.0,1605.0,434.0,41299.0,358133.0,178391.0,12150.0,167592.0,358133.0
2023,7,2023-07-01,Las Choapas-Ocozocoautla,247727.0,5245.0,13758.0,5811.0,2.0,28778.0,32168.0,4166.0,60058.0,10885.0,1337.0,868.0,41142.0,451945.0,252972.0,19571.0,179402.0,451945.0
2023,7,2023-07-01,Mexico-Cuernavaca,847609.0,23044.0,32150.0,12199.0,38.0,26068.0,18502.0,2532.0,27079.0,6088.0,526.0,128.0,7203.0,1003166.0,870653.0,44387.0,88126.0,1003166.0
2023,7,2023-07-01,Puente de Ixtla-Iguala,92710.0,1098.0,5302.0,364.0,,6829.0,8476.0,1386.0,4899.0,3294.0,23.0,14.0,1439.0,125834.0,93808.0,5666.0,26360.0,125834.0
2023,7,2023-07-01,La Pera-Cuautla,983141.0,24216.0,21171.0,1043.0,20.0,23139.0,11643.0,1592.0,18109.0,3880.0,397.0,193.0,7817.0,1096361.0,1007357.0,22234.0,66770.0,1096361.0
2023,7,2023-07-01,Zacapalco-Rancho Viejo,54116.0,2929.0,2283.0,159.0,,1489.0,526.0,183.0,126.0,108.0,,1.0,,61920.0,57045.0,2442.0,2433.0,61920.0
2023,7,2023-07-01,Mexico-Queretaro,2725510.0,22493.0,121714.0,43323.0,31.0,224613.0,193064.0,24918.0,604854.0,57306.0,6855.0,2372.0,134678.0,4161731.0,2748003.0,165068.0,1248660.0,4161731.0
2023,7,2023-07-01,Mexico-Puebla,3790598.0,51450.0,134770.0,30846.0,286.0,186573.0,136662.0,11560.0,263999.0,29050.0,4375.0,1583.0,94559.0,4736311.0,3842048.0,165902.0,728361.0,4736311.0
2023,7,2023-07-01,Queretaro-Irapuato,1293214.0,8063.0,41887.0,20818.0,23.0,125696.0,115409.0,14744.0,339674.0,40762.0,7939.0,1373.0,105600.0,2115202.0,1301277.0,62728.0,751197.0,2115202.0
2023,7,2023-07-01,Puebla-Acatzingo,1142306.0,10018.0,63959.0,10769.0,248.0,70489.0,68242.0,6496.0,124637.0,20430.0,3306.0,886.0,70887.0,1592673.0,1152324.0,74976.0,365373.0,1592673.0
2023,7,2023-07-01,Acatzingo-Cd Mendoza,294123.0,2259.0,18269.0,6708.0,22.0,28318.0,39769.0,3866.0,88859.0,14090.0,2434.0,900.0,61423.0,561040.0,296382.0,24999.0,239659.0,561040.0
2023,7,2023-07-01,Cd Mendoza-Cordoba,,,,,,,,,,,,,,,,,,
2023,7,2023-07-01,Tehuacan-Oaxaca,786650.0,10321.0,41585.0,12169.0,38.0,47246.0,51339.0,4632.0,54209.0,13567.0,2207.0,1184.0,29243.0,1054390.0,796971.0,53792.0,203627.0,1054390.0
2023,7,2023-07-01,Tijuana-Ensenada,1048747.0,6120.0,14544.0,1449.0,82.0,25526.0,9584.0,1910.0,72358.0,3885.0,362.0,508.0,21249.0,1206324.0,1054867.0,16075.0,135382.0,1206324.0
2023,7,2023-07-01,Rancho Viejo-Taxco,88001.0,7311.0,2936.0,213.0,,1969.0,501.0,71.0,134.0,96.0,,,,101232.0,95312.0,3149.0,2771.0,101232.0
2023,7,2023-07-01,La Rumorosa-Tecate,132953.0,472.0,4221.0,1245.0,10.0,4870.0,2181.0,981.0,18797.0,1258.0,431.0,118.0,7424.0,174961.0,133425.0,5476.0,36060.0,174961.0
2023,7,2023-07-01,Salina Cruz-La Ventosa,108188.0,3362.0,1602.0,630.0,1.0,7466.0,5309.0,659.0,6111.0,4545.0,415.0,210.0,7960.0,146458.0,111550.0,2233.0,32675.0,146458.0
2023,7,2023-07-01,Chamapa-Lecheria,3037543.0,135162.0,21404.0,566.0,4.0,112337.0,54124.0,4459.0,62673.0,5371.0,200.0,14.0,7855.0,3441712.0,3172705.0,21974.0,247033.0,3441712.0
2023,7,2023-07-01,Estacion Don-Nogales,985918.0,2390.0,46259.0,29879.0,3.0,45331.0,31202.0,20149.0,275630.0,37247.0,4483.0,818.0,87318.0,1566627.0,988308.0,76141.0,502178.0,1566627.0
2023,7,2023-07-01,Durango-Mazatlan,449039.0,3663.0,14412.0,8467.0,1.0,11832.0,10434.0,2672.0,54241.0,9384.0,2205.0,1292.0,39605.0,607247.0,452702.0,22880.0,131665.0,607247.0
2023,7,2023-07-01,Lagos de Moreno-San Luis Potosi,71391.0,340.0,2215.0,632.0,2.0,6918.0,6508.0,1703.0,51130.0,6382.0,1274.0,211.0,23792.0,172498.0,71731.0,2849.0,97918.0,172498.0
2023,7,2023-07-01,Libramiento Amecameca-Nepantla,268741.0,5572.0,2503.0,199.0,,11557.0,9005.0,1697.0,14820.0,2673.0,148.0,80.0,4516.0,321511.0,274313.0,2702.0,44496.0,321511.0
2023,7,2023-07-01,Aeropuerto Los Cabos-San Jose del Cabo-Cabo San Lucas,317833.0,535.0,1684.0,108.0,2.0,2847.0,997.0,106.0,1349.0,777.0,57.0,7.0,986.0,327288.0,318368.0,1794.0,7126.0,327288.0
2023,7,2023-07-01,Libramiento Poniente de Acapulco,51821.0,1608.0,1108.0,795.0,,1625.0,1801.0,558.0,1435.0,1039.0,11.0,5.0,248.0,62054.0,53429.0,1903.0,6722.0,62054.0
2023,7,2023-07-01,Puente el Zacatal,101770.0,1352.0,6681.0,2192.0,1.0,10325.0,7835.0,1657.0,24258.0,4109.0,207.0,68.0,12290.0,172745.0,103122.0,8874.0,60749.0,172745.0
2023,8,2023-08-01,Cuernavaca-Acapulco,2438535.0,91653.0,60274.0,28658.0,107.0,62790.0,47491.0,7685.0,47842.0,17343.0,703.0,510.0,18564.0,2822155.0,2530188.0,89039.0,202928.0,2822155.0
2023,8,2023-08-01,Cordoba-Veracruz,691538.0,24485.0,32702.0,8773.0,10.0,51468.0,52296.0,9126.0,127887.0,28119.0,2732.0,1235.0,104040.0,1134411.0,716023.0,41485.0,376903.0,1134411.0
2023,8,2023-08-01,La Tinaja-Cosoleacaque,451111.0,8842.0,38364.0,16625.0,14.0,48138.0,60737.0,15025.0,188700.0,44549.0,4525.0,1920.0,132285.0,1010835.0,459953.0,55003.0,495879.0,1010835.0
2023,8,2023-08-01,Lib Noreste de Queretaro,242208.0,1391.0,5537.0,3571.0,7.0,41338.0,35376.0,5281.0,220434.0,22897.0,1306.0,168.0,39127.0,618641.0,243599.0,9115.0,365927.0,618641.0
2023,8,2023-08-01,Libramiento Oriente de Saltillo,168845.0,1910.0,5214.0,6350.0,4.0,30624.0,17836.0,3789.0,238377.0,20566.0,2076.0,640.0,31597.0,527828.0,170755.0,11568.0,345505.0,527828.0
2023,8,2023-08-01,La Carbonera-Puerto Mexico,182826.0,993.0,14712.0,11461.0,5.0,25644.0,14324.0,4440.0,258701.0,21041.0,1800.0,482.0,32605.0,569034.0,183819.0,26178.0,359037.0,569034.0
2023,8,2023-08-01,Libramiento Poniente de Tampico,250655.0,12090.0,1932.0,220.0,1.0,18699.0,11950.0,2811.0,33806.0,11904.0,1094.0,326.0,34821.0,380309.0,262745.0,2153.0,115411.0,380309.0
2023,8,2023-08-01,Champoton-Campeche,201016.0,5143.0,5932.0,1682.0,1.0,11990.0,12028.0,2671.0,32911.0,8173.0,433.0,90.0,19059.0,301129.0,206159.0,7615.0,87355.0,301129.0
2023,8,2023-08-01,Gomez Palacio-Corralitos,117818.0,359.0,15846.0,9450.0,10.0,9151.0,14727.0,7757.0,108715.0,21460.0,3210.0,352.0,30623.0,339478.0,118177.0,25306.0,195995.0,339478.0
2023,8,2023-08-01,Torreon-Saltillo,256944.0,1175.0,21142.0,14352.0,1.0,11666.0,7617.0,6718.0,119135.0,24592.0,3319.0,506.0,45878.0,513045.0,258119.0,35495.0,219431.0,513045.0
2023,8,2023-08-01,Tihuatlan-Gutierrez Zamora,134031.0,1581.0,3640.0,1411.0,3.0,6720.0,6684.0,1727.0,17801.0,6401.0,291.0,105.0,11350.0,191745.0,135612.0,5054.0,51079.0,191745.0
2023,8,2023-08-01,Agua Dulce-Cardenas,175903.0,1938.0,8487.0,4050.0,1.0,18794.0,19779.0,4726.0,68331.0,15494.0,1527.0,473.0,43535.0,363038.0,177841.0,12538.0,172659.0,363038.0
2023,8,2023-08-01,Las Choapas-Ocozocoautla,258236.0,5880.0,14679.0,6040.0,3.0,30117.0,32274.0,4279.0,61352.0,11900.0,1250.0,841.0,42209.0,469060.0,264116.0,20722.0,184222.0,469060.0
2023,8,2023-08-01,Mexico-Cuernavaca,804271.0,18650.0,32116.0,12181.0,23.0,28058.0,19828.0,2930.0,29696.0,5932.0,601.0,290.0,6713.0,961289.0,822921.0,44320.0,94048.0,961289.0
2023,8,2023-08-01,Puente de Ixtla-Iguala,89009.0,1060.0,5236.0,350.0,,6889.0,8156.0,1453.0,4977.0,3517.0,41.0,18.0,1233.0,121939.0,90069.0,5586.0,26284.0,121939.0
2023,8,2023-08-01,La Pera-Cuautla,920480.0,21421.0,21933.0,1714.0,4.0,24234.0,12954.0,1640.0,19958.0,4484.0,379.0,152.0,7116.0,1036469.0,941901.0,23651.0,70917.0,1036469.0
2023,8,2023-08-01,Zacapalco-Rancho Viejo,50516.0,2632.0,2143.0,134.0,,1577.0,540.0,198.0,119.0,105.0,,,,57964.0,53148.0,2277.0,2539.0,57964.0
2023,8,2023-08-01,Mexico-Queretaro,2687334.0,20136.0,124779.0,46643.0,37.0,231551.0,196496.0,24105.0,620042.0,58297.0,7089.0,1931.0,137114.0,4155554.0,2707470.0,171459.0,1276625.0,4155554.0
2023,8,2023-08-01,Mexico-Puebla,3694071.0,49412.0,136248.0,31273.0,220.0,195252.0,144074.0,11925.0,273081.0,29705.0,4668.0,1711.0,92212.0,4663852.0,3743483.0,167741.0,752628.0,4663852.0
2023,8,2023-08-01,Queretaro-Irapuato,1307153.0,7698.0,45877.0,23340.0,16.0,127853.0,119799.0,14407.0,348480.0,42026.0,8113.0,1095.0,104995.0,2150852.0,1314851.0,69233.0,766768.0,2150852.0
2023,8,2023-08-01,Puebla-Acatzingo,1135192.0,9941.0,63376.0,11191.0,244.0,72602.0,68289.0,7123.0,124201.0,21102.0,3354.0,983.0,71940.0,1589538.0,1145133.0,74811.0,369594.0,1589538.0
2023,8,2023-08-01,Acatzingo-Cd Mendoza,284156.0,2305.0,17764.0,6725.0,27.0,29485.0,39212.0,4087.0,88197.0,14539.0,1959.0,934.0,60432.0,549822.0,286461.0,24516.0,238845.0,549822.0
2023,8,2023-08-01,Cd Mendoza-Cordoba,,,,,,,,,,,,,,,,,,
2023,8,2023-08-01,Tehuacan-Oaxaca,742555.0,8626.0,42110.0,12427.0,33.0,49355.0,51516.0,4370.0,56946.0,14759.0,1922.0,1005.0,30550.0,1016174.0,751181.0,54570.0,210423.0,1016174.0
2023,8,2023-08-01,Tijuana-Ensenada,936155.0,5474.0,14648.0,1066.0,69.0,27298.0,9696.0,2181.0,78347.0,4107.0,372.0,571.0,22895.0,1102879.0,941629.0,15783.0,145467.0,1102879.0
2023,8,2023-08-01,Rancho Viejo-Taxco,82823.0,7253.0,2792.0,166.0,,2078.0,483.0,61.0,130.0,108.0,2.0,,,95896.0,90076.0,2958.0,2862.0,95896.0
2023,8,2023-08-01,La Rumorosa-Tecate,2.0,,,,,,,,1.0,,,,1.0,4.0,2.0,,2.0,4.0
2023,8,2023-08-01,Salina Cruz-La Ventosa,108100.0,3586.0,1634.0,678.0,,7917.0,5463.0,592.0,6303.0,4082.0,259.0,192.0,7964.0,146770.0,111686.0,2312.0,32772.0,146770.0
2023,8,2023-08-01,Chamapa-Lecheria,3157967.0,140256.0,23190.0,606.0,2.0,116726.0,55425.0,5005.0,65506.0,5880.0,292.0,21.0,8274.0,3579150.0,3298223.0,23798.0,257129.0,3579150.0
2023,8,2023-08-01,Estacion Don-Nogales,924875.0,2613.0,43433.0,31956.0,6.0,48625.0,33600.0,21229.0,278140.0,36119.0,4245.0,814.0,84291.0,1509946.0,927488.0,75395.0,507063.0,1509946.0
2023,8,2023-08-01,Durango-Mazatlan,380256.0,2875.0,13961.0,8266.0,3.0,11746.0,9747.0,2601.0,54714.0,10314.0,1876.0,1298.0,40305.0,537962.0,383131.0,22230.0,132601.0,537962.0
2023,8,2023-08-01,Lagos de Moreno-San Luis Potosi,73734.0,314.0,2673.0,756.0,3.0,7849.0,6990.0,1998.0,53509.0,7038.0,1579.0,190.0,25172.0,181805.0,74048.0,3432.0,104325.0,181805.0
2023,8,2023-08-01,Libramiento Amecameca-Nepantla,254395.0,4530.0,2561.0,177.0,2.0,12015.0,9746.0,1765.0,14861.0,3418.0,142.0,96.0,4588.0,308296.0,258925.0,2740.0,46631.0,308296.0
2023,8,2023-08-01,Aeropuerto Los Cabos-San Jose del Cabo-Cabo San Lucas,289675.0,435.0,1346.0,95.0,,2893.0,950.0,100.0,1369.0,697.0,52.0,11.0,934.0,298557.0,290110.0,1441.0,7006.0,298557.0
2023,8,2023-08-01,Libramiento Poniente de Acapulco,51908.0,1236.0,1229.0,750.0,,1592.0,1592.0,455.0,1304.0,856.0,9.0,1.0,266.0,61198.0,53144.0,1979.0,6075.0,61198.0
2023,8,2023-08-01,Puente el Zacatal,98975.0,1289.0,6558.0,2378.0,2.0,10506.0,7730.0,1648.0,24779.0,3978.0,219.0,75.0,12165.0,170302.0,100264.0,8938.0,61100.0,170302.0
2023,9,2023-09-01,Cuernavaca-Acapulco,2055143.0,92321.0,52290.0,24412.0,125.0,59797.0,45205.0,7337.0,45320.0,17027.0,586.0,448.0,16797.0,2416808.0,2147464.0,76827.0,192517.0,2416808.0
2023,9,2023-09-01,Cordoba-Veracruz,597705.0,25169.0,25655.0,6855.0,2.0,48931.0,50456.0,8938.0,124158.0,27001.0,2878.0,1168.0,98205.0,1017121.0,622874.0,32512.0,361735.0,1017121.0
2023,9,2023-09-01,La Tinaja-Cosoleacaque,353374.0,7535.0,29373.0,12757.0,8.0,45552.0,57958.0,15000.0,183319.0,42809.0,4832.0,1595.0,123541.0,877653.0,360909.0,42138.0,474606.0,877653.0
2023,9,2023-09-01,Lib Noreste de Queretaro,215404.0,1685.0,5051.0,2938.0,9.0,39906.0,33928.0,5151.0,213647.0,21504.0,1217.0,160.0,38579.0,579179.0,217089.0,7998.0,354092.0,579179.0
2023,9,2023-09-01,Libramiento Oriente de Saltillo,138685.0,2119.0,4803.0,6224.0,4.0,29965.0,17291.0,3430.0,229839.0,20133.0,2561.0,641.0,32317.0,488012.0,140804.0,11031.0,336177.0,488012.0
2023,9,2023-09-01,La Carbonera-Puerto Mexico,148636.0,925.0,13927.0,10672.0,6.0,24572.0,14167.0,4045.0,248164.0,19824.0,2052.0,472.0,33079.0,520541.0,149561.0,24605.0,346375.0,520541.0
2023,9,2023-09-01,Libramiento Poniente de Tampico,237491.0,11636.0,1622.0,118.0,3.0,17584.0,12216.0,2648.0,32621.0,11169.0,978.0,284.0,31545.0,359915.0,249127.0,1743.0,109045.0,359915.0
2023,9,2023-09-01,Champoton-Campeche,169756.0,5380.0,4897.0,1194.0,2.0,11065.0,12167.0,2278.0,31268.0,7363.0,524.0,93.0,18876.0,264863.0,175136.0,6093.0,83634.0,264863.0
2023,9,2023-09-01,Gomez Palacio-Corralitos,88561.0,514.0,13965.0,7985.0,9.0,9093.0,12338.0,7509.0,105071.0,19996.0,3122.0,399.0,28140.0,296702.0,89075.0,21959.0,185668.0,296702.0
2023,9,2023-09-01,Torreon-Saltillo,210866.0,1521.0,19948.0,12980.0,11.0,11365.0,6315.0,7171.0,111301.0,24347.0,3597.0,800.0,43053.0,453275.0,212387.0,32939.0,207949.0,453275.0
2023,9,2023-09-01,Tihuatlan-Gutierrez Zamora,96862.0,7346.0,2514.0,976.0,3.0,6236.0,6649.0,1720.0,17681.0,6059.0,276.0,69.0,10733.0,157124.0,104208.0,3493.0,49423.0,157124.0
2023,9,2023-09-01,Agua Dulce-Cardenas,139927.0,1495.0,6373.0,3010.0,1.0,18069.0,18067.0,4427.0,66410.0,14737.0,1463.0,419.0,41765.0,316163.0,141422.0,9384.0,165357.0,316163.0
2023,9,2023-09-01,Las Choapas-Ocozocoautla,217509.0,5693.0,11258.0,4646.0,1.0,27981.0,31260.0,3940.0,58148.0,11519.0,1192.0,796.0,40876.0,414819.0,223202.0,15905.0,175712.0,414819.0
2023,9,2023-09-01,Mexico-Cuernavaca,695842.0,19382.0,28115.0,10346.0,11.0,27336.0,18940.0,2455.0,27993.0,5845.0,537.0,109.0,6096.0,843007.0,715224.0,38472.0,89311.0,843007.0
2023,9,2023-09-01,Puente de Ixtla-Iguala,78250.0,1075.0,4499.0,489.0,,6187.0,7562.0,1391.0,4248.0,3188.0,34.0,26.0,1334.0,108283.0,79325.0,4988.0,23970.0,108283.0
2023,9,2023-09-01,La Pera-Cuautla,867158.0,21701.0,20997.0,1705.0,21.0,23110.0,11993.0,1744.0,18942.0,4069.0,423.0,143.0,6702.0,978708.0,888859.0,22723.0,67126.0,978708.0
2023,9,2023-09-01,Zacapalco-Rancho Viejo,44228.0,2518.0,2003.0,120.0,,1540.0,564.0,178.0,115.0,125.0,,1.0,,51392.0,46746.0,2123.0,2523.0,51392.0
2023,9,2023-09-01,Mexico-Queretaro,2465410.0,21723.0,115997.0,41081.0,25.0,216821.0,188049.0,24040.0,600436.0,55941.0,6885.0,2028.0,133373.0,3871809.0,2487133.0,157103.0,1227573.0,3871809.0
2023,9,2023-09-01,Mexico-Puebla,3474743.0,51224.0,122356.0,26853.0,215.0,186126.0,136763.0,12073.0,262794.0,28107.0,4395.0,1666.0,86013.0,4393328.0,3525967.0,149424.0,717937.0,4393328.0
2023,9,2023-09-01,Queretaro-Irapuato,1171246.0,8638.0,40510.0,19741.0,7.0,117875.0,114951.0,13530.0,340982.0,39968.0,8673.0,861.0,101152.0,1978134.0,1179884.0,60258.0,737992.0,1978134.0
2023,9,2023-09-01,Puebla-Acatzingo,1002855.0,9978.0,57733.0,9569.0,217.0,70662.0,64505.0,6870.0,120283.0,19807.0,3143.0,1133.0,67359.0,1434114.0,1012833.0,67519.0,353762.0,1434114.0
2023,9,2023-09-01,Acatzingo-Cd Mendoza,231973.0,2196.0,14667.0,5381.0,15.0,28656.0,37949.0,3942.0,86148.0,12931.0,1968.0,901.0,56075.0,482802.0,234169.0,20063.0,228570.0,482802.0
2023,9,2023-09-01,Cd Mendoza-Cordoba,,,,,,,,,,,,,,,,,,
2023,9,2023-09-01,Tehuacan-Oaxaca,596786.0,8310.0,37944.0,10614.0,32.0,47105.0,48529.0,4227.0,52149.0,13170.0,1877.0,909.0,27769.0,849421.0,605096.0,48590.0,195735.0,849421.0
2023,9,2023-09-01,Tijuana-Ensenada,889088.0,6895.0,14962.0,1163.0,42.0,25966.0,9670.0,2430.0,71904.0,3939.0,284.0,434.0,20814.0,1047591.0,895983.0,16167.0,135441.0,1047591.0
2023,9,2023-09-01,Rancho Viejo-Taxco,73722.0,7076.0,2644.0,139.0,,2059.0,493.0,54.0,123.0,106.0,,1.0,,86417.0,80798.0,2783.0,2836.0,86417.0
2023,9,2023-09-01,La Rumorosa-Tecate,,,,,,,,,,,,,,,,,,
2023,9,2023-09-01,Salina Cruz-La Ventosa,84813.0,3271.0,1267.0,405.0,,7018.0,4729.0,563.0,6109.0,3469.0,200.0,174.0,7603.0,119621.0,88084.0,1672.0,29865.0,119621.0
2023,9,2023-09-01,Chamapa-Lecheria,3137992.0,145798.0,24423.0,555.0,,112411.0,55227.0,4609.0,63635.0,5491.0,282.0,15.0,7857.0,3558295.0,3283790.0,24978.0,249527.0,3558295.0
2023,9,2023-09-01,Estacion Don-Nogales,812382.0,2589.0,39667.0,29888.0,4.0,45673.0,32561.0,20101.0,280145.0,36244.0,4605.0,759.0,82745.0,1387363.0,814971.0,69559.0,502833.0,1387363.0
2023,9,2023-09-01,Durango-Mazatlan,224219.0,4140.0,10940.0,5736.0,,10768.0,9462.0,3444.0,50326.0,10161.0,1930.0,1026.0,36151.0,368303.0,228359.0,16676.0,123268.0,368303.0
2023,9,2023-09-01,Lagos de Moreno-San Luis Potosi,58357.0,349.0,1942.0,479.0,1.0,7432.0,6673.0,2010.0,51373.0,7205.0,1476.0,230.0,23398.0,160925.0,58706.0,2422.0,99797.0,160925.0
2023,9,2023-09-01,Libramiento Amecameca-Nepantla,225658.0,4895.0,2045.0,93.0,,11784.0,9685.0,1955.0,14479.0,3115.0,137.0,69.0,4151.0,278066.0,230553.0,2138.0,45375.0,278066.0
2023,9,2023-09-01,Aeropuerto Los Cabos-San Jose del Cabo-Cabo San Lucas,258891.0,425.0,1290.0,90.0,,2735.0,1136.0,76.0,1352.0,636.0,57.0,6.0,855.0,267549.0,259316.0,1380.0,6853.0,267549.0
2023,9,2023-09-01,Libramiento Poniente de Acapulco,42152.0,1280.0,1032.0,624.0,1.0,1639.0,1547.0,392.0,1134.0,584.0,11.0,2.0,184.0,50582.0,43432.0,1657.0,5493.0,50582.0
2023,9,2023-09-01,Puente el Zacatal,72266.0,1854.0,5911.0,1988.0,,9836.0,7211.0,1494.0,23594.0,3986.0,268.0,48.0,11671.0,140127.0,74120.0,7899.0,58108.0,140127.0
2023,10,2023-10-01,Cuernavaca-Acapulco,1987569.0,93302.0,50314.0,20795.0,135.0,58416.0,41233.0,6882.0,39986.0,14997.0,547.0,367.0,15116.0,2329659.0,2080871.0,71244.0,177544.0,2329659.0
2023,10,2023-10-01,Cordoba-Veracruz,611065.0,24331.0,26549.0,7154.0,5.0,51362.0,54273.0,8781.0,127680.0,28678.0,2716.0,1294.0,98804.0,1042692.0,635396.0,33708.0,373588.0,1042692.0
2023,10,2023-10-01,La Tinaja-Cosoleacaque,370002.0,8270.0,31280.0,13488.0,14.0,47881.0,62601.0,14811.0,187017.0,44049.0,4464.0,1688.0,131048.0,916613.0,378272.0,44782.0,493559.0,916613.0
2023,10,2023-10-01,Lib Noreste de Queretaro,220133.0,1468.0,5365.0,3167.0,6.0,42116.0,34721.0,5510.0,222655.0,21900.0,1351.0,154.0,38118.0,596664.0,221601.0,8538.0,366525.0,596664.0
2023,10,2023-10-01,Libramiento Oriente de Saltillo,139714.0,1995.0,4848.0,6736.0,1.0,31068.0,18975.0,3697.0,238532.0,22453.0,3077.0,929.0,32336.0,504361.0,141709.0,11585.0,351067.0,504361.0
2023,10,2023-10-01,La Carbonera-Puerto Mexico,151185.0,902.0,14505.0,11724.0,2.0,25569.0,15454.0,4592.0,259350.0,21141.0,1934.0,549.0,32997.0,539904.0,152087.0,26231.0,361586.0,539904.0
2023,10,2023-10-01,Libramiento Poniente de Tampico,237486.0,10739.0,1748.0,135.0,2.0,17906.0,11594.0,2738.0,32414.0,12412.0,1179.0,302.0,30154.0,358809.0,248225.0,1885.0,108699.0,358809.0
2023,10,2023-10-01,Champoton-Campeche,177794.0,5686.0,5203.0,1346.0,1.0,11638.0,12230.0,2133.0,32503.0,4950.0,478.0,109.0,18049.0,272120.0,183480.0,6550.0,82090.0,272120.0
2023,10,2023-10-01,Gomez Palacio-Corralitos,95515.0,483.0,14784.0,8559.0,3.0,9254.0,12424.0,7330.0,112492.0,20847.0,3350.0,351.0,31316.0,316708.0,95998.0,23346.0,197364.0,316708.0
2023,10,2023-10-01,Torreon-Saltillo,209889.0,1796.0,20468.0,13487.0,,11812.0,5770.0,6899.0,120097.0,24539.0,3310.0,485.0,45660.0,464212.0,211685.0,33955.0,218572.0,464212.0
2023,10,2023-10-01,Tihuatlan-Gutierrez Zamora,92328.0,990.0,2682.0,1044.0,7.0,6590.0,8025.0,1706.0,17340.0,6656.0,276.0,96.0,10677.0,148417.0,93318.0,3733.0,51366.0,148417.0
2023,10,2023-10-01,Agua Dulce-Cardenas,148313.0,1534.0,6726.0,3452.0,,18944.0,19517.0,4640.0,70299.0,15461.0,1437.0,430.0,42272.0,333025.0,149847.0,10178.0,173000.0,333025.0
2023,10,2023-10-01,Las Choapas-Ocozocoautla,221272.0,5754.0,12003.0,4474.0,2.0,29697.0,34032.0,3998.0,59157.0,12004.0,1039.0,857.0,42779.0,427068.0,227026.0,16479.0,183563.0,427068.0
2023,10,2023-10-01,Mexico-Cuernavaca,719048.0,18780.0,29521.0,10589.0,5.0,30569.0,19225.0,2657.0,27146.0,6376.0,717.0,144.0,6516.0,871293.0,737828.0,40115.0,93350.0,871293.0
2023,10,2023-10-01,Puente de Ixtla-Iguala,83084.0,1000.0,4579.0,527.0,,6667.0,7633.0,1396.0,4171.0,3132.0,36.0,31.0,1627.0,113883.0,84084.0,5106.0,24693.0,113883.0
2023,10,2023-10-01,La Pera-Cuautla,839459.0,21131.0,21152.0,2105.0,19.0,22670.0,12087.0,1771.0,19203.0,4454.0,430.0,178.0,7918.0,952577.0,860590.0,23276.0,68711.0,952577.0
2023,10,2023-10-01,Zacapalco-Rancho Viejo,44458.0,2752.0,1912.0,140.0,,1513.0,523.0,190.0,143.0,127.0,,,,51758.0,47210.0,2052.0,2496.0,51758.0
2023,10,2023-10-01,Mexico-Queretaro,2556579.0,21265.0,122668.0,45048.0,44.0,235323.0,201289.0,31949.0,619457.0,58318.0,7953.0,3374.0,134948.0,4038215.0,2577844.0,167760.0,1292611.0,4038215.0
2023,10,2023-10-01,Mexico-Puebla,3634661.0,50561.0,131203.0,29631.0,243.0,200143.0,145142.0,13081.0,275420.0,30255.0,4224.0,2036.0,89584.0,4606184.0,3685222.0,161077.0,759885.0,4606184.0
2023,10,2023-10-01,Queretaro-Irapuato,1426546.0,13264.0,46030.0,22517.0,219.0,135828.0,132697.0,15131.0,380510.0,45110.0,8037.0,891.0,109109.0,2335889.0,1439810.0,68766.0,827313.0,2335889.0
2023,10,2023-10-01,Puebla-Acatzingo,1045089.0,10063.0,63931.0,10822.0,193.0,72454.0,68480.0,7586.0,124890.0,21163.0,3015.0,1142.0,70777.0,1499605.0,1055152.0,74946.0,369507.0,1499605.0
2023,10,2023-10-01,Acatzingo-Cd Mendoza,240740.0,2687.0,15694.0,6048.0,21.0,29492.0,40265.0,4168.0,87831.0,14339.0,1903.0,1014.0,57225.0,501427.0,243427.0,21763.0,236237.0,501427.0
2023,10,2023-10-01,Cd Mendoza-Cordoba,,,,,,,,,,,,,,,,,,
2023,10,2023-10-01,Tehuacan-Oaxaca,660489.0,10972.0,47349.0,13738.0,26.0,51212.0,53825.0,4950.0,56526.0,14245.0,1747.0,909.0,30229.0,946217.0,671461.0,61113.0,213643.0,946217.0
2023,10,2023-10-01,Tijuana-Ensenada,1564046.0,15475.0,18685.0,1665.0,72.0,29820.0,11458.0,2258.0,71548.0,4234.0,297.0,274.0,21111.0,1740943.0,1579521.0,20422.0,141000.0,1740943.0
2023,10,2023-10-01,Rancho Viejo-Taxco,74531.0,7562.0,2579.0,175.0,,2014.0,495.0,60.0,122.0,87.0,,,,87625.0,82093.0,2754.0,2778.0,87625.0
2023,10,2023-10-01,La Rumorosa-Tecate,,,,,,,,,,,,,,,,,,
2023,10,2023-10-01,Salina Cruz-La Ventosa,88246.0,3477.0,1977.0,761.0,,7668.0,5010.0,579.0,6318.0,3398.0,177.0,198.0,7975.0,125784.0,91723.0,2738.0,31323.0,125784.0
2023,10,2023-10-01,Chamapa-Lecheria,3242997.0,147930.0,25702.0,861.0,2.0,117891.0,59590.0,4900.0,67110.0,5724.0,220.0,17.0,8666.0,3681610.0,3390927.0,26565.0,264118.0,3681610.0
2023,10,2023-10-01,Estacion Don-Nogales,880159.0,4451.0,40759.0,30177.0,7.0,47368.0,34654.0,20577.0,300005.0,36223.0,4468.0,1060.0,101503.0,1501411.0,884610.0,70943.0,545858.0,1501411.0
2023,10,2023-10-01,Durango-Mazatlan,215562.0,2993.0,11490.0,5782.0,2.0,11222.0,8743.0,2451.0,50692.0,9589.0,1602.0,1043.0,38760.0,359931.0,218555.0,17274.0,124102.0,359931.0
2023,10,2023-10-01,Lagos de Moreno-San Luis Potosi,60990.0,412.0,2245.0,480.0,,7581.0,7007.0,2100.0,53492.0,7696.0,1414.0,203.0,24811.0,168431.0,61402.0,2725.0,104304.0,168431.0
2023,10,2023-10-01,Libramiento Amecameca-Nepantla,240264.0,5344.0,2420.0,131.0,,12890.0,10220.0,1934.0,14942.0,3216.0,127.0,95.0,4496.0,296079.0,245608.0,2551.0,47920.0,296079.0
2023,10,2023-10-01,Aeropuerto Los Cabos-San Jose del Cabo-Cabo San Lucas,293377.0,485.0,1453.0,114.0,,3192.0,1187.0,68.0,1391.0,790.0,53.0,7.0,833.0,302950.0,293862.0,1567.0,7521.0,302950.0
2023,10,2023-10-01,Libramiento Poniente de Acapulco,37970.0,1403.0,863.0,408.0,,2189.0,1342.0,341.0,1032.0,571.0,11.0,15.0,148.0,46293.0,39373.0,1271.0,5649.0,46293.0
2023,10,2023-10-01,Puente el Zacatal,73606.0,1161.0,5713.0,1886.0,,10395.0,7329.0,1431.0,23508.0,3764.0,170.0,43.0,9556.0,138562.0,74767.0,7599.0,56196.0,138562.0
2023,11,2023-11-01,Cuernavaca-Acapulco,1581169.0,87388.0,28411.0,4319.0,70.0,44976.0,24371.0,3601.0,22040.0,10127.0,337.0,106.0,7130.0,1814045.0,1668557.0,32800.0,112688.0,1814045.0
2023,11,2023-11-01,Cordoba-Veracruz,603200.0,23616.0,26775.0,7195.0,8.0,49468.0,51208.0,8625.0,129072.0,27728.0,2622.0,1181.0,94552.0,1025250.0,626816.0,33978.0,364456.0,1025250.0
2023,11,2023-11-01,La Tinaja-Cosoleacaque,357897.0,8347.0,29942.0,13111.0,7.0,46753.0,61166.0,14400.0,191308.0,42982.0,4667.0,1894.0,126261.0,898735.0,366244.0,43060.0,489431.0,898735.0
2023,11,2023-11-01,Lib Noreste de Queretaro,217418.0,1595.0,5377.0,3584.0,6.0,39716.0,32232.0,5052.0,206652.0,21028.0,1356.0,135.0,35877.0,570028.0,219013.0,8967.0,342048.0,570028.0
2023,11,2023-11-01,Libramiento Oriente de Saltillo,150034.0,1985.0,4562.0,6323.0,10.0,29304.0,17940.0,3490.0,229385.0,21980.0,3056.0,879.0,32277.0,501225.0,152019.0,10895.0,338311.0,501225.0
2023,11,2023-11-01,La Carbonera-Puerto Mexico,162909.0,1228.0,13712.0,11356.0,12.0,24480.0,14821.0,4325.0,247939.0,22086.0,2284.0,531.0,33043.0,538726.0,164137.0,25080.0,349509.0,538726.0
2023,11,2023-11-01,Libramiento Poniente de Tampico,232468.0,9830.0,1903.0,144.0,2.0,17723.0,12509.0,2572.0,33279.0,12303.0,1284.0,247.0,30116.0,354380.0,242298.0,2049.0,110033.0,354380.0
2023,11,2023-11-01,Champoton-Campeche,178411.0,5977.0,5422.0,1457.0,,11708.0,11420.0,2191.0,33291.0,5051.0,534.0,110.0,18744.0,274316.0,184388.0,6879.0,83049.0,274316.0
2023,11,2023-11-01,Gomez Palacio-Corralitos,99753.0,386.0,14023.0,8553.0,5.0,8869.0,11590.0,7376.0,104556.0,21121.0,3614.0,363.0,28231.0,308440.0,100139.0,22581.0,185720.0,308440.0
2023,11,2023-11-01,Torreon-Saltillo,221225.0,1120.0,18912.0,13249.0,1.0,11789.0,5805.0,6987.0,114379.0,23993.0,3767.0,741.0,43044.0,465012.0,222345.0,32162.0,210505.0,465012.0
2023,11,2023-11-01,Tihuatlan-Gutierrez Zamora,97841.0,1223.0,2849.0,1028.0,11.0,6716.0,8313.0,1779.0,18396.0,6687.0,276.0,101.0,10390.0,155610.0,99064.0,3888.0,52658.0,155610.0
2023,11,2023-11-01,Agua Dulce-Cardenas,136827.0,1574.0,6748.0,3190.0,1.0,18313.0,18992.0,4302.0,70808.0,14310.0,1440.0,445.0,41520.0,318470.0,138401.0,9939.0,170130.0,318470.0
2023,11,2023-11-01,Las Choapas-Ocozocoautla,218435.0,5351.0,11428.0,4244.0,2.0,28263.0,31903.0,4143.0,58455.0,10370.0,997.0,820.0,39739.0,414150.0,223786.0,15674.0,174690.0,414150.0
2023,11,2023-11-01,Mexico-Cuernavaca,767077.0,19179.0,28052.0,8667.0,4.0,35087.0,19655.0,3097.0,29386.0,6614.0,679.0,151.0,7848.0,925496.0,786256.0,36723.0,102517.0,925496.0
2023,11,2023-11-01,Puente de Ixtla-Iguala,88335.0,1092.0,4587.0,584.0,,6690.0,7586.0,1400.0,4478.0,3370.0,36.0,25.0,2230.0,120413.0,89427.0,5171.0,25815.0,120413.0
2023,11,2023-11-01,La Pera-Cuautla,877464.0,21686.0,21148.0,1936.0,34.0,22841.0,12274.0,1812.0,19259.0,3968.0,333.0,163.0,8261.0,991179.0,899150.0,23118.0,68911.0,991179.0
2023,11,2023-11-01,Zacapalco-Rancho Viejo,47963.0,2530.0,2010.0,162.0,,1493.0,601.0,186.0,152.0,123.0,,,,55220.0,50493.0,2172.0,2555.0,55220.0
2023,11,2023-11-01,Mexico-Queretaro,2594384.0,20207.0,121532.0,44340.0,30.0,234677.0,191879.0,31564.0,610891.0,56846.0,7863.0,2879.0,131471.0,4048563.0,2614591.0,165902.0,1268070.0,4048563.0
2023,11,2023-11-01,Mexico-Puebla,3658322.0,52388.0,130847.0,30632.0,245.0,190098.0,139091.0,12471.0,269979.0,28631.0,4237.0,1881.0,87067.0,4605889.0,3710710.0,161724.0,733455.0,4605889.0
2023,11,2023-11-01,Queretaro-Irapuato,1677709.0,17461.0,49561.0,22121.0,673.0,148170.0,139699.0,16793.0,398973.0,47636.0,8258.0,1209.0,107921.0,2636184.0,1695170.0,72355.0,868659.0,2636184.0
2023,11,2023-11-01,Puebla-Acatzingo,1000086.0,10236.0,61555.0,10959.0,172.0,67493.0,64924.0,7266.0,124128.0,20427.0,3105.0,1184.0,68410.0,1439945.0,1010322.0,72686.0,356937.0,1439945.0
2023,11,2023-11-01,Acatzingo-Cd Mendoza,237052.0,2374.0,15204.0,5841.0,17.0,27510.0,37766.0,3930.0,88742.0,13595.0,1833.0,935.0,53728.0,488527.0,239426.0,21062.0,228039.0,488527.0
2023,11,2023-11-01,Cd Mendoza-Cordoba,,,,,,,,,,,,,,,,,,
2023,11,2023-11-01,Tehuacan-Oaxaca,723071.0,13715.0,50663.0,15251.0,24.0,49961.0,51452.0,4718.0,55379.0,12955.0,1650.0,945.0,29334.0,1009118.0,736786.0,65938.0,206394.0,1009118.0
2023,11,2023-11-01,Tijuana-Ensenada,1441153.0,12098.0,18005.0,1677.0,57.0,28551.0,10520.0,2340.0,62452.0,3301.0,246.0,197.0,16759.0,1597356.0,1453251.0,19739.0,124366.0,1597356.0
2023,11,2023-11-01,Rancho Viejo-Taxco,78761.0,7431.0,2665.0,175.0,,1902.0,447.0,76.0,112.0,86.0,,,,91655.0,86192.0,2840.0,2623.0,91655.0
2023,11,2023-11-01,La Rumorosa-Tecate,,,,,,,,,,,,,,,,,,
2023,11,2023-11-01,Salina Cruz-La Ventosa,86754.0,3217.0,1925.0,793.0,1.0,7230.0,4478.0,456.0,6264.0,3082.0,130.0,188.0,6921.0,121439.0,89971.0,2719.0,28749.0,121439.0
2023,11,2023-11-01,Chamapa-Lecheria,3075069.0,142091.0,24135.0,644.0,4.0,117123.0,57505.0,4893.0,67028.0,5656.0,229.0,9.0,8097.0,3502483.0,3217160.0,24783.0,260540.0,3502483.0
2023,11,2023-11-01,Estacion Don-Nogales,932304.0,4862.0,41600.0,30447.0,18.0,47733.0,33716.0,20066.0,289451.0,35567.0,4635.0,779.0,103797.0,1544975.0,937166.0,72065.0,535744.0,1544975.0
2023,11,2023-11-01,Durango-Mazatlan,214130.0,4950.0,11104.0,6157.0,,10229.0,10149.0,2429.0,49358.0,9027.0,1835.0,1026.0,34419.0,354813.0,219080.0,17261.0,118472.0,354813.0
2023,11,2023-11-01,Lagos de Moreno-San Luis Potosi,69344.0,501.0,2535.0,672.0,3.0,7628.0,6895.0,2223.0,52422.0,7090.0,1511.0,297.0,23488.0,174609.0,69845.0,3210.0,101554.0,174609.0
2023,11,2023-11-01,Libramiento Amecameca-Nepantla,247309.0,5664.0,2577.0,143.0,1.0,13110.0,10917.0,2070.0,15388.0,3360.0,156.0,95.0,4810.0,305600.0,252973.0,2721.0,49906.0,305600.0
2023,11,2023-11-01,Aeropuerto Los Cabos-San Jose del Cabo-Cabo San Lucas,340510.0,709.0,1794.0,92.0,,3742.0,1422.0,88.0,1637.0,1064.0,76.0,5.0,1004.0,352143.0,341219.0,1886.0,9038.0,352143.0
2023,11,2023-11-01,Libramiento Poniente de Acapulco,,,,,,,,,,,,,,,,,,
2023,11,2023-11-01,Puente el Zacatal,70167.0,1219.0,5893.0,1994.0,1.0,10306.0,7407.0,1475.0,23969.0,3445.0,205.0,61.0,10437.0,136579.0,71386.0,7888.0,57305.0,136579.0
2023,12,2023-12-01,Cuernavaca-Acapulco,1735890.0,89408.0,35158.0,5480.0,109.0,43896.0,25848.0,3456.0,24715.0,9509.0,293.0,119.0,7380.0,1981261.0,1825298.0,40747.0,115216.0,1981261.0
2023,12,2023-12-01,Cordoba-Veracruz,693546.0,24303.0,30274.0,8494.0,3.0,46715.0,48483.0,8153.0,120841.0,25252.0,2224.0,995.0,89728.0,1099011.0,717849.0,38771.0,342391.0,1099011.0
2023,12,2023-12-01,La Tinaja-Cosoleacaque,521254.0,10535.0,39362.0,16418.0,6.0,47339.0,61241.0,14660.0,187522.0,42362.0,4199.0,1572.0,126860.0,1073330.0,531789.0,55786.0,485755.0,1073330.0
2023,12,2023-12-01,Lib Noreste de Queretaro,270952.0,1344.0,6188.0,4224.0,10.0,36160.0,29162.0,4773.0,190659.0,20189.0,1282.0,122.0,34412.0,599477.0,272296.0,10422.0,316759.0,599477.0
2023,12,2023-12-01,Libramiento Oriente de Saltillo,243341.0,1592.0,5370.0,8016.0,5.0,26210.0,15614.0,3780.0,205520.0,19003.0,2770.0,1035.0,29600.0,561856.0,244933.0,13391.0,303532.0,561856.0
2023,12,2023-12-01,La Carbonera-Puerto Mexico,268602.0,804.0,14574.0,13556.0,3.0,21387.0,12201.0,4738.0,216154.0,21638.0,3377.0,1205.0,30523.0,608762.0,269406.0,28133.0,311223.0,608762.0
2023,12,2023-12-01,Libramiento Poniente de Tampico,267166.0,9558.0,2664.0,460.0,,18146.0,11993.0,2571.0,31819.0,10637.0,1281.0,315.0,28512.0,385122.0,276724.0,3124.0,105274.0,385122.0
2023,12,2023-12-01,Champoton-Campeche,225043.0,6838.0,6252.0,1616.0,,11819.0,10929.0,2345.0,32833.0,4965.0,470.0,86.0,18920.0,322116.0,231881.0,7868.0,82367.0,322116.0
2023,12,2023-12-01,Gomez Palacio-Corralitos,176427.0,247.0,14965.0,9737.0,22.0,9068.0,11610.0,7406.0,96725.0,20549.0,3325.0,563.0,26054.0,376698.0,176674.0,24724.0,175300.0,376698.0
2023,12,2023-12-01,Torreon-Saltillo,270128.0,940.0,17879.0,13699.0,5.0,10698.0,5856.0,6678.0,107542.0,21943.0,3569.0,560.0,43708.0,503205.0,271068.0,31583.0,200554.0,503205.0
2023,12,2023-12-01,Tihuatlan-Gutierrez Zamora,138244.0,1262.0,3704.0,1465.0,2.0,6945.0,8052.0,1681.0,18494.0,6140.0,265.0,75.0,10381.0,196710.0,139506.0,5171.0,52033.0,196710.0
2023,12,2023-12-01,Agua Dulce-Cardenas,184755.0,1924.0,8194.0,3647.0,,17762.0,18301.0,4215.0,67301.0,13139.0,1247.0,378.0,39136.0,359999.0,186679.0,11841.0,161479.0,359999.0
2023,12,2023-12-01,Las Choapas-Ocozocoautla,291148.0,6539.0,15050.0,5336.0,,29134.0,34904.0,4408.0,60438.0,10919.0,975.0,930.0,42533.0,502314.0,297687.0,20386.0,184241.0,502314.0
2023,12,2023-12-01,Mexico-Cuernavaca,882854.0,20618.0,33134.0,11447.0,3.0,31935.0,20029.0,2937.0,29155.0,5860.0,495.0,125.0,7475.0,1046067.0,903472.0,44584.0,98011.0,1046067.0
2023,12,2023-12-01,Puente de Ixtla-Iguala,110299.0,1460.0,5604.0,716.0,,7020.0,7977.0,1308.0,4386.0,3371.0,55.0,39.0,1646.0,143881.0,111759.0,6320.0,25802.0,143881.0
2023,12,2023-12-01,La Pera-Cuautla,1035616.0,25008.0,23247.0,1745.0,16.0,25065.0,16776.0,2094.0,20088.0,4825.0,471.0,312.0,9962.0,1165225.0,1060624.0,25008.0,79593.0,1165225.0
2023,12,2023-12-01,Zacapalco-Rancho Viejo,62789.0,3206.0,2551.0,147.0,,1551.0,561.0,186.0,174.0,127.0,,,2.0,71294.0,65995.0,2698.0,2601.0,71294.0
2023,12,2023-12-01,Mexico-Queretaro,3039419.0,21558.0,131592.0,47634.0,18.0,215155.0,180152.0,24845.0,578818.0,52642.0,6409.0,2445.0,128410.0,4429097.0,3060977.0,179244.0,1188876.0,4429097.0
2023,12,2023-12-01,Mexico-Puebla,4081654.0,62630.0,136978.0,31670.0,277.0,188179.0,135994.0,11972.0,251575.0,26714.0,3620.0,1789.0,81570.0,5014622.0,4144284.0,168925.0,701413.0,5014622.0
2023,12,2023-12-01,Queretaro-Irapuato,1862839.0,15827.0,50688.0,23339.0,102.0,138612.0,126486.0,16032.0,359454.0,45671.0,7659.0,1287.0,104194.0,2752190.0,1878666.0,74129.0,799395.0,2752190.0
2023,12,2023-12-01,Puebla-Acatzingo,1213380.0,11731.0,65342.0,11793.0,228.0,68440.0,63505.0,7205.0,117088.0,19554.0,2742.0,1168.0,64212.0,1646388.0,1225111.0,77363.0,343914.0,1646388.0
2023,12,2023-12-01,Acatzingo-Cd Mendoza,311870.0,2677.0,18938.0,6480.0,14.0,26123.0,35011.0,3654.0,78049.0,12097.0,1432.0,713.0,47973.0,545031.0,314547.0,25432.0,205052.0,545031.0
2023,12,2023-12-01,Cd Mendoza-Cordoba,,,,,,,,,,,,,,,,,,
2023,12,2023-12-01,Tehuacan-Oaxaca,947268.0,13003.0,50565.0,14002.0,69.0,50650.0,52555.0,4890.0,57703.0,12939.0,1776.0,1212.0,30527.0,1237159.0,960271.0,64636.0,212252.0,1237159.0
2023,12,2023-12-01,Tijuana-Ensenada,1494698.0,10940.0,18092.0,1317.0,64.0,26632.0,9971.0,1985.0,54606.0,3640.0,217.0,141.0,11429.0,1633732.0,1505638.0,19473.0,108621.0,1633732.0
2023,12,2023-12-01,Rancho Viejo-Taxco,98748.0,8690.0,3246.0,164.0,,2014.0,401.0,83.0,131.0,66.0,,,,113543.0,107438.0,3410.0,2695.0,113543.0
2023,12,2023-12-01,La Rumorosa-Tecate,,,,,,,,,,,,,,,,,,
2023,12,2023-12-01,Salina Cruz-La Ventosa,124737.0,3921.0,1946.0,747.0,,7986.0,4785.0,480.0,6717.0,3813.0,157.0,196.0,8033.0,163518.0,128658.0,2693.0,32167.0,163518.0
2023,12,2023-12-01,Chamapa-Lecheria,3136411.0,136166.0,21879.0,671.0,5.0,113097.0,55358.0,4418.0,63597.0,5405.0,265.0,11.0,8099.0,3545382.0,3272577.0,22555.0,250250.0,3545382.0
2023,12,2023-12-01,Estacion Don-Nogales,1321821.0,2339.0,48863.0,35756.0,26.0,45901.0,31252.0,17909.0,290228.0,34293.0,4313.0,653.0,109380.0,1942734.0,1324160.0,84645.0,533929.0,1942734.0
2023,12,2023-12-01,Durango-Mazatlan,283288.0,2519.0,11062.0,5234.0,1.0,10417.0,12017.0,2128.0,48720.0,7980.0,2115.0,1432.0,37134.0,424047.0,285807.0,16297.0,121943.0,424047.0
2023,12,2023-12-01,Lagos de Moreno-San Luis Potosi,87138.0,446.0,2983.0,818.0,2.0,7195.0,6534.0,1751.0,47391.0,6110.0,1506.0,148.0,22252.0,184274.0,87584.0,3803.0,92887.0,184274.0
2023,12,2023-12-01,Libramiento Amecameca-Nepantla,279418.0,6196.0,2791.0,172.0,1.0,12815.0,11765.0,1890.0,14662.0,3509.0,158.0,110.0,5035.0,338522.0,285614.0,2964.0,49944.0,338522.0
2023,12,2023-12-01,Aeropuerto Los Cabos-San Jose del Cabo-Cabo San Lucas,342517.0,710.0,1547.0,50.0,3.0,3614.0,1278.0,74.0,1517.0,978.0,47.0,3.0,1087.0,353425.0,343227.0,1600.0,8598.0,353425.0
2023,12,2023-12-01,Libramiento Poniente de Acapulco,,,,,,,,,,,,,,,,,,
2023,12,2023-12-01,Puente el Zacatal,95579.0,1370.0,6470.0,2174.0,,10594.0,7372.0,1565.0,24266.0,3391.0,192.0,33.0,11166.0,164172.0,96949.0,8644.0,58579.0,164172.0
2024,1,2024-01-01,Cuernavaca-Acapulco,1559095.0,89142.0,31960.0,4692.0,86.0,42013.0,24358.0,3508.0,23645.0,8937.0,269.0,101.0,7297.0,1795103.0,1648237.0,36738.0,110128.0,1795103.0
2024,1,2024-01-01,Cordoba-Veracruz,646412.0,23992.0,29404.0,7752.0,4.0,44963.0,52150.0,8451.0,121064.0,27685.0,2405.0,1089.0,95350.0,1060721.0,670404.0,37160.0,353157.0,1060721.0
2024,1,2024-01-01,La Tinaja-Cosoleacaque,431752.0,9767.0,36027.0,14890.0,8.0,42172.0,59196.0,14308.0,181975.0,44812.0,4482.0,1731.0,133490.0,974610.0,441519.0,50925.0,482166.0,974610.0
2024,1,2024-01-01,Lib Noreste de Queretaro,231796.0,1336.0,5701.0,3276.0,6.0,37824.0,30457.0,5346.0,206308.0,21479.0,1460.0,187.0,37777.0,582953.0,233132.0,8983.0,340838.0,582953.0
2024,1,2024-01-01,Libramiento Oriente de Saltillo,187491.0,1654.0,4325.0,6596.0,5.0,26026.0,15120.0,4903.0,221441.0,20929.0,2598.0,1269.0,32976.0,525333.0,189145.0,10926.0,325262.0,525333.0
2024,1,2024-01-01,La Carbonera-Puerto Mexico,218143.0,821.0,13306.0,11979.0,6.0,22370.0,12761.0,6734.0,221472.0,26041.0,4253.0,1905.0,32732.0,572523.0,218964.0,25291.0,328268.0,572523.0
2024,1,2024-01-01,Libramiento Poniente de Tampico,242821.0,9157.0,2598.0,389.0,3.0,16745.0,12044.0,2758.0,32573.0,10931.0,1199.0,313.0,27724.0,359255.0,251978.0,2990.0,104287.0,359255.0
2024,1,2024-01-01,Champoton-Campeche,196883.0,6050.0,5639.0,1330.0,1.0,10611.0,9970.0,1986.0,31691.0,5080.0,465.0,79.0,19518.0,289303.0,202933.0,6970.0,79400.0,289303.0
2024,1,2024-01-01,Gomez Palacio-Corralitos,127458.0,487.0,14937.0,9002.0,19.0,7948.0,10988.0,7756.0,96846.0,23258.0,3388.0,423.0,26647.0,329157.0,127945.0,23958.0,177254.0,329157.0
2024,1,2024-01-01,Torreon-Saltillo,214458.0,6071.0,17824.0,13350.0,4.0,10106.0,5755.0,7033.0,113989.0,23698.0,3761.0,743.0,47092.0,463884.0,220529.0,31178.0,212177.0,463884.0
2024,1,2024-01-01,Tihuatlan-Gutierrez Zamora,113233.0,973.0,3316.0,1371.0,9.0,6156.0,7631.0,1627.0,17653.0,6159.0,273.0,89.0,11220.0,169710.0,114206.0,4696.0,50808.0,169710.0
2024,1,2024-01-01,Agua Dulce-Cardenas,161860.0,1688.0,7864.0,3556.0,,16448.0,18184.0,4050.0,66724.0,14491.0,1353.0,381.0,41245.0,337844.0,163548.0,11420.0,162876.0,337844.0
2024,1,2024-01-01,Las Choapas-Ocozocoautla,253027.0,7066.0,13214.0,5210.0,4.0,27163.0,32476.0,3892.0,60111.0,12005.0,972.0,806.0,45681.0,461627.0,260093.0,18428.0,183106.0,461627.0
2024,1,2024-01-01,Mexico-Cuernavaca,766563.0,23356.0,30817.0,10846.0,2.0,29226.0,19383.0,2863.0,30299.0,5903.0,649.0,65.0,8869.0,928841.0,789919.0,41665.0,97257.0,928841.0
2024,1,2024-01-01,Puente de Ixtla-Iguala,94073.0,1207.0,4980.0,598.0,,6897.0,8182.0,1462.0,4472.0,3746.0,29.0,8.0,1745.0,127399.0,95280.0,5578.0,26541.0,127399.0
2024,1,2024-01-01,La Pera-Cuautla,904731.0,25754.0,21110.0,1098.0,28.0,23517.0,12896.0,1818.0,19113.0,4317.0,634.0,186.0,8520.0,1023722.0,930485.0,22236.0,71001.0,1023722.0
2024,1,2024-01-01,Zacapalco-Rancho Viejo,48070.0,2789.0,1911.0,96.0,,1498.0,559.0,198.0,145.0,119.0,,,,55385.0,50859.0,2007.0,2519.0,55385.0
2024,1,2024-01-01,Mexico-Queretaro,2557907.0,20756.0,118312.0,41566.0,23.0,212568.0,178576.0,22969.0,597302.0,58071.0,7013.0,1599.0,139856.0,3956518.0,2578663.0,159901.0,1217954.0,3956518.0
2024,1,2024-01-01,Mexico-Puebla,3606633.0,56870.0,127371.0,27658.0,221.0,180033.0,135160.0,12502.0,260996.0,29209.0,3942.0,1627.0,87609.0,4529831.0,3663503.0,155250.0,711078.0,4529831.0
2024,1,2024-01-01,Queretaro-Irapuato,1633063.0,16449.0,46476.0,21017.0,45.0,135930.0,130055.0,16699.0,386389.0,49222.0,8242.0,1214.0,111888.0,2556689.0,1649512.0,67538.0,839639.0,2556689.0
2024,1,2024-01-01,Puebla-Acatzingo,1081048.0,10618.0,61047.0,10343.0,184.0,65412.0,63570.0,6863.0,116523.0,20886.0,3127.0,1067.0,68253.0,1508941.0,1091666.0,71574.0,345701.0,1508941.0
2024,1,2024-01-01,Acatzingo-Cd Mendoza,262440.0,2288.0,17994.0,6053.0,21.0,24495.0,36066.0,3391.0,79825.0,13139.0,1514.0,652.0,49501.0,497379.0,264728.0,24068.0,208583.0,497379.0
2024,1,2024-01-01,Tehuacan-Oaxaca,779553.0,11118.0,42692.0,11641.0,44.0,47268.0,51915.0,4557.0,54300.0,12418.0,1818.0,1226.0,30720.0,1049270.0,790671.0,54377.0,204222.0,1049270.0
2024,1,2024-01-01,Tijuana-Ensenada,1386972.0,10150.0,18204.0,981.0,55.0,26163.0,9674.0,1514.0,53251.0,3207.0,172.0,141.0,11841.0,1522325.0,1397122.0,19240.0,105963.0,1522325.0
2024,1,2024-01-01,Rancho Viejo-Taxco,78395.0,8200.0,2574.0,107.0,,2180.0,422.0,70.0,144.0,72.0,,,,92164.0,86595.0,2681.0,2888.0,92164.0
2024,1,2024-01-01,La Rumorosa-Tecate,,,,,,,,,,,,,,,,,,
2024,1,2024-01-01,Salina Cruz-La Ventosa,105512.0,3610.0,1441.0,512.0,,7461.0,4494.0,722.0,7277.0,4274.0,561.0,229.0,9326.0,145419.0,109122.0,1953.0,34344.0,145419.0
2024,1,2024-01-01,Chamapa-Lecheria,3019333.0,148514.0,22932.0,481.0,1.0,114334.0,56110.0,4684.0,67120.0,5818.0,236.0,19.0,8786.0,3448368.0,3167847.0,23414.0,257107.0,3448368.0
2024,1,2024-01-01,Estacion Don-Nogales,1038486.0,2366.0,48249.0,35405.0,18.0,42235.0,30191.0,18336.0,311374.0,33666.0,4371.0,687.0,129199.0,1694583.0,1040852.0,83672.0,570059.0,1694583.0
2024,1,2024-01-01,Durango-Mazatlan,235059.0,2570.0,9317.0,4001.0,1.0,9696.0,15124.0,2262.0,58892.0,8671.0,2357.0,1252.0,40060.0,389262.0,237629.0,13319.0,138314.0,389262.0
2024,1,2024-01-01,Lagos de Moreno-San Luis Potosi,70874.0,245.0,2174.0,562.0,,7071.0,6759.0,1854.0,51127.0,7090.0,1713.0,179.0,23820.0,173468.0,71119.0,2736.0,99613.0,173468.0
2024,1,2024-01-01,Libramiento Amecameca-Nepantla,250680.0,5949.0,2212.0,91.0,,12814.0,13096.0,2180.0,14940.0,3715.0,212.0,87.0,5872.0,311848.0,256629.0,2303.0,52916.0,311848.0
2024,1,2024-01-01,Aeropuerto Los Cabos-San Jose del Cabo-Cabo San Lucas,324878.0,532.0,2150.0,96.0,,3110.0,1249.0,62.0,1449.0,961.0,66.0,7.0,1044.0,335604.0,325410.0,2246.0,7948.0,335604.0
2024,1,2024-01-01,Libramiento Poniente de Acapulco,,,,,,,,,,,,,,,,,,
2024,1,2024-01-01,Puente el Zacatal,85995.0,1333.0,6123.0,2196.0,,9452.0,7189.0,1458.0,23526.0,3467.0,221.0,48.0,12105.0,153113.0,87328.0,8319.0,57466.0,153113.0
2024,2,2024-02-01,Cuernavaca-Acapulco,1495810.0,88038.0,29590.0,5203.0,59.0,39997.0,25395.0,3391.0,22313.0,8901.0,300.0,103.0,6782.0,1725882.0,1583848.0,34852.0,107182.0,1725882.0
2024,2,2024-02-01,Cordoba-Veracruz,568766.0,23933.0,25081.0,6518.0,4.0,45366.0,50705.0,8150.0,120319.0,25404.0,2489.0,946.0,89072.0,966753.0,592699.0,31603.0,342451.0,966753.0
2024,2,2024-02-01,La Tinaja-Cosoleacaque,344917.0,8361.0,29013.0,12126.0,8.0,43376.0,60122.0,13864.0,183714.0,42601.0,4598.0,1458.0,123358.0,867516.0,353278.0,41147.0,473091.0,867516.0
2024,2,2024-02-01,Lib Noreste de Queretaro,205526.0,1484.0,4556.0,2901.0,10.0,38646.0,30134.0,5364.0,208366.0,20706.0,1432.0,170.0,36693.0,555988.0,207010.0,7467.0,341511.0,555988.0
2024,2,2024-02-01,Libramiento Oriente de Saltillo,137866.0,1715.0,3747.0,5639.0,2.0,26024.0,14708.0,6125.0,223096.0,21246.0,3170.0,1822.0,31398.0,476558.0,139581.0,9388.0,327589.0,476558.0
2024,2,2024-02-01,La Carbonera-Puerto Mexico,165563.0,921.0,11800.0,10088.0,2.0,22087.0,11800.0,6553.0,225757.0,23368.0,4038.0,2003.0,29948.0,513928.0,166484.0,21890.0,325554.0,513928.0
2024,2,2024-02-01,Libramiento Poniente de Tampico,226456.0,9378.0,1730.0,120.0,1.0,16849.0,13032.0,2834.0,34209.0,12063.0,1241.0,229.0,28715.0,346857.0,235834.0,1851.0,109172.0,346857.0
2024,2,2024-02-01,Champoton-Campeche,170293.0,5467.0,5262.0,1421.0,1.0,10884.0,9605.0,1957.0,31084.0,4704.0,452.0,102.0,18498.0,259730.0,175760.0,6684.0,77286.0,259730.0
2024,2,2024-02-01,Gomez Palacio-Corralitos,83095.0,207.0,12189.0,7722.0,8.0,8154.0,10570.0,7713.0,98190.0,21784.0,3659.0,451.0,26784.0,280526.0,83302.0,19919.0,177305.0,280526.0
2024,2,2024-02-01,Torreon-Saltillo,201023.0,749.0,18480.0,13089.0,,10636.0,6530.0,7288.0,111685.0,23344.0,3772.0,761.0,45169.0,442526.0,201772.0,31569.0,209185.0,442526.0
2024,2,2024-02-01,Tihuatlan-Gutierrez Zamora,97000.0,1325.0,2770.0,940.0,6.0,6294.0,7651.0,1754.0,17499.0,6190.0,338.0,69.0,9992.0,151828.0,98325.0,3716.0,49787.0,151828.0
2024,2,2024-02-01,Agua Dulce-Cardenas,132649.0,1629.0,6489.0,3263.0,1.0,16195.0,17785.0,3857.0,65304.0,13515.0,1349.0,367.0,37261.0,299664.0,134278.0,9753.0,155633.0,299664.0
2024,2,2024-02-01,Las Choapas-Ocozocoautla,201770.0,5417.0,9977.0,3762.0,,25924.0,30424.0,3679.0,60349.0,11038.0,1190.0,861.0,41061.0,395452.0,207187.0,13739.0,174526.0,395452.0
2024,2,2024-02-01,Mexico-Cuernavaca,728921.0,24037.0,29786.0,10047.0,1.0,29013.0,19077.0,2768.0,29091.0,5637.0,556.0,42.0,7984.0,886960.0,752958.0,39834.0,94168.0,886960.0
2024,2,2024-02-01,Puente de Ixtla-Iguala,78722.0,1231.0,4448.0,575.0,,6340.0,8142.0,1306.0,4226.0,3419.0,35.0,8.0,1656.0,110108.0,79953.0,5023.0,25132.0,110108.0
2024,2,2024-02-01,La Pera-Cuautla,905009.0,30162.0,24182.0,1916.0,11.0,23990.0,12016.0,1764.0,15595.0,4188.0,465.0,168.0,8644.0,1028110.0,935171.0,26109.0,66830.0,1028110.0
2024,2,2024-02-01,Zacapalco-Rancho Viejo,35439.0,1918.0,1773.0,138.0,,1468.0,497.0,154.0,138.0,94.0,,1.0,,41620.0,37357.0,1911.0,2352.0,41620.0
2024,2,2024-02-01,Mexico-Queretaro,2297880.0,22652.0,104991.0,35801.0,25.0,212580.0,170709.0,22077.0,582653.0,53643.0,7222.0,1559.0,133110.0,3644902.0,2320532.0,140817.0,1183553.0,3644902.0
2024,2,2024-02-01,Mexico-Puebla,3319162.0,53769.0,116912.0,24803.0,190.0,175403.0,132673.0,12422.0,259600.0,28474.0,3828.0,1678.0,85181.0,4214095.0,3372931.0,141905.0,699259.0,4214095.0
2024,2,2024-02-01,Queretaro-Irapuato,1530325.0,20303.0,45193.0,18795.0,21.0,131605.0,124977.0,15236.0,379809.0,46497.0,7933.0,807.0,106339.0,2427840.0,1550628.0,64009.0,813203.0,2427840.0
2024,2,2024-02-01,Puebla-Acatzingo,982005.0,10299.0,52756.0,8911.0,187.0,64014.0,64117.0,6915.0,113733.0,19947.0,2989.0,1058.0,65516.0,1392447.0,992304.0,61854.0,338289.0,1392447.0
2024,2,2024-02-01,Acatzingo-Cd Mendoza,218340.0,2463.0,13660.0,4973.0,21.0,24772.0,36426.0,3490.0,80235.0,12597.0,1464.0,623.0,48409.0,447473.0,220803.0,18654.0,208016.0,447473.0
2024,2,2024-02-01,Tehuacan-Oaxaca,657197.0,10892.0,37763.0,9540.0,38.0,47216.0,51291.0,4541.0,50747.0,11842.0,1692.0,1092.0,28481.0,912332.0,668089.0,47341.0,196902.0,912332.0
2024,2,2024-02-01,Tijuana-Ensenada,1242342.0,9505.0,17195.0,1065.0,72.0,24629.0,9286.0,1387.0,52818.0,2824.0,120.0,108.0,12566.0,1373917.0,1251847.0,18332.0,103738.0,1373917.0
2024,2,2024-02-01,Rancho Viejo-Taxco,59373.0,6844.0,2360.0,137.0,,1986.0,448.0,64.0,130.0,81.0,,,,71423.0,66217.0,2497.0,2709.0,71423.0
2024,2,2024-02-01,La Rumorosa-Tecate,,,,,,,,,,,,,,,,,,
2024,2,2024-02-01,Salina Cruz-La Ventosa,84962.0,3383.0,1064.0,355.0,,7332.0,4421.0,553.0,6105.0,3509.0,367.0,168.0,6679.0,118898.0,88345.0,1419.0,29134.0,118898.0
2024,2,2024-02-01,Chamapa-Lecheria,2981325.0,147672.0,23347.0,628.0,2.0,112655.0,52627.0,4598.0,66939.0,5822.0,260.0,15.0,9015.0,3404905.0,3128997.0,23977.0,251931.0,3404905.0
2024,2,2024-02-01,Estacion Don-Nogales,791180.0,3778.0,38291.0,30686.0,7.0,42580.0,31439.0,19541.0,316523.0,34542.0,4476.0,767.0,128965.0,1442775.0,794958.0,68984.0,578833.0,1442775.0
2024,2,2024-02-01,Durango-Mazatlan,198536.0,3210.0,9021.0,4633.0,,10032.0,18685.0,2254.0,58841.0,9509.0,2054.0,1438.0,41873.0,360086.0,201746.0,13654.0,144686.0,360086.0
2024,2,2024-02-01,Lagos de Moreno-San Luis Potosi,62105.0,526.0,1791.0,458.0,1.0,6986.0,6885.0,1882.0,52713.0,7060.0,1415.0,204.0,21928.0,163954.0,62631.0,2250.0,99073.0,163954.0
2024,2,2024-02-01,Libramiento Amecameca-Nepantla,240925.0,5798.0,2263.0,172.0,,12245.0,12493.0,1934.0,14430.0,3737.0,190.0,114.0,5724.0,300025.0,246723.0,2435.0,50867.0,300025.0
2024,2,2024-02-01,Aeropuerto Los Cabos-San Jose del Cabo-Cabo San Lucas,328180.0,605.0,2418.0,110.0,2.0,3248.0,1234.0,71.0,1467.0,1027.0,86.0,7.0,1076.0,339531.0,328785.0,2530.0,8216.0,339531.0
2024,2,2024-02-01,Libramiento Poniente de Acapulco,,,,,,,,,,,,,,,,,,
2024,2,2024-02-01,Puente el Zacatal,71857.0,1449.0,5740.0,2153.0,4.0,9604.0,7131.0,1409.0,24093.0,3786.0,204.0,55.0,11676.0,139161.0,73306.0,7897.0,57958.0,139161.0
2024,3,2024-03-01,Cuernavaca-Acapulco,1741797.0,96436.0,35656.0,6864.0,91.0,41579.0,25491.0,3262.0,21347.0,9032.0,306.0,71.0,7251.0,1989183.0,1838233.0,42611.0,108339.0,1989183.0
2024,3,2024-03-01,Cordoba-Veracruz,659798.0,26657.0,30492.0,7333.0,1.0,45922.0,52856.0,8090.0,126333.0,26837.0,2412.0,845.0,96703.0,1084279.0,686455.0,37826.0,359998.0,1084279.0
2024,3,2024-03-01,La Tinaja-Cosoleacaque,413929.0,8846.0,35021.0,13747.0,3.0,45557.0,62783.0,13717.0,189912.0,44544.0,4679.0,1345.0,133597.0,967680.0,422775.0,48771.0,496134.0,967680.0
2024,3,2024-03-01,Lib Noreste de Queretaro,223055.0,1721.0,5356.0,3107.0,7.0,37629.0,29717.0,5362.0,209685.0,20740.0,1514.0,158.0,37309.0,575360.0,224776.0,8470.0,342114.0,575360.0
2024,3,2024-03-01,Libramiento Oriente de Saltillo,191732.0,2113.0,6286.0,7490.0,17.0,24665.0,14117.0,7153.0,227690.0,24221.0,4408.0,2110.0,30065.0,542067.0,193845.0,13793.0,334429.0,542067.0
2024,3,2024-03-01,La Carbonera-Puerto Mexico,244992.0,1181.0,14441.0,12613.0,410.0,20234.0,10619.0,9622.0,212025.0,23851.0,5673.0,3503.0,27534.0,586698.0,246173.0,27464.0,313061.0,586698.0
2024,3,2024-03-01,Libramiento Poniente de Tampico,253569.0,10426.0,1892.0,183.0,3.0,17534.0,13917.0,2591.0,35703.0,11719.0,1260.0,208.0,30079.0,379084.0,263995.0,2078.0,113011.0,379084.0
2024,3,2024-03-01,Champoton-Campeche,210778.0,6592.0,6655.0,2051.0,,11046.0,9806.0,1834.0,32488.0,4662.0,490.0,73.0,18909.0,305384.0,217370.0,8706.0,79308.0,305384.0
2024,3,2024-03-01,Gomez Palacio-Corralitos,114266.0,416.0,13571.0,8767.0,9.0,8863.0,11825.0,8276.0,103542.0,21998.0,3389.0,496.0,27958.0,323376.0,114682.0,22347.0,186347.0,323376.0
2024,3,2024-03-01,Torreon-Saltillo,260613.0,1414.0,20056.0,14437.0,4.0,10940.0,6596.0,8006.0,115903.0,24962.0,3480.0,840.0,47384.0,514635.0,262027.0,34497.0,218111.0,514635.0
2024,3,2024-03-01,Tihuatlan-Gutierrez Zamora,148843.0,1690.0,4325.0,1288.0,4.0,6545.0,7704.0,1955.0,19165.0,6453.0,319.0,96.0,11806.0,210193.0,150533.0,5617.0,54043.0,210193.0
2024,3,2024-03-01,Agua Dulce-Cardenas,161223.0,1962.0,7941.0,3634.0,,16788.0,18836.0,3812.0,67852.0,13933.0,1330.0,384.0,38500.0,336195.0,163185.0,11575.0,161435.0,336195.0
2024,3,2024-03-01,Las Choapas-Ocozocoautla,237845.0,7127.0,12729.0,4534.0,,27877.0,33538.0,3811.0,64610.0,11076.0,1071.0,1026.0,46242.0,451486.0,244972.0,17263.0,189251.0,451486.0
2024,3,2024-03-01,Mexico-Cuernavaca,922947.0,29513.0,35534.0,11970.0,3.0,29998.0,19248.0,2672.0,28786.0,6123.0,719.0,46.0,7723.0,1095282.0,952460.0,47507.0,95315.0,1095282.0
2024,3,2024-03-01,Puente de Ixtla-Iguala,93689.0,1313.0,5231.0,686.0,,6658.0,8933.0,1223.0,4348.0,3529.0,41.0,5.0,1849.0,127505.0,95002.0,5917.0,26586.0,127505.0
2024,3,2024-03-01,La Pera-Cuautla,1088276.0,31293.0,26761.0,2281.0,18.0,23984.0,12541.0,1905.0,17432.0,4201.0,516.0,177.0,8009.0,1217394.0,1119569.0,29060.0,68765.0,1217394.0
2024,3,2024-03-01,Zacapalco-Rancho Viejo,46120.0,2564.0,1993.0,89.0,,1519.0,474.0,194.0,173.0,100.0,,,4.0,53230.0,48684.0,2082.0,2464.0,53230.0
2024,3,2024-03-01,Mexico-Queretaro,2750994.0,24904.0,123103.0,42499.0,30.0,214989.0,174484.0,23958.0,596804.0,53985.0,7654.0,1837.0,135107.0,4150348.0,2775898.0,165632.0,1208818.0,4150348.0
2024,3,2024-03-01,Mexico-Puebla,3666581.0,63700.0,127292.0,27349.0,205.0,181837.0,131850.0,12684.0,264437.0,29103.0,4322.0,1846.0,89582.0,4600788.0,3730281.0,154846.0,715661.0,4600788.0
2024,3,2024-03-01,Queretaro-Irapuato,1640804.0,18434.0,47329.0,20742.0,49.0,133211.0,124746.0,16430.0,386513.0,44488.0,7768.0,1351.0,105430.0,2547295.0,1659238.0,68120.0,819937.0,2547295.0
2024,3,2024-03-01,Puebla-Acatzingo,1129266.0,13001.0,62930.0,10654.0,266.0,65146.0,66131.0,6928.0,123011.0,21099.0,3063.0,975.0,71195.0,1573665.0,1142267.0,73850.0,357548.0,1573665.0
2024,3,2024-03-01,Acatzingo-Cd Mendoza,273019.0,3061.0,16949.0,5361.0,21.0,26029.0,37579.0,3665.0,83375.0,12803.0,1588.0,716.0,52599.0,516765.0,276080.0,22331.0,218354.0,516765.0
2024,3,2024-03-01,Tehuacan-Oaxaca,849975.0,15320.0,46496.0,11842.0,46.0,48453.0,52844.0,4877.0,53286.0,13004.0,1639.0,1018.0,30628.0,1129428.0,865295.0,58384.0,205749.0,1129428.0
2024,3,2024-03-01,Tijuana-Ensenada,1454322.0,12254.0,19592.0,1570.0,79.0,26254.0,9744.0,1668.0,63353.0,3435.0,100.0,156.0,12006.0,1604533.0,1466576.0,21241.0,116716.0,1604533.0
2024,3,2024-03-01,Rancho Viejo-Taxco,77172.0,8052.0,2644.0,84.0,,2266.0,421.0,85.0,139.0,98.0,,,2.0,90963.0,85224.0,2728.0,3011.0,90963.0
2024,3,2024-03-01,La Rumorosa-Tecate,,,,,,,,,,,,,,,,,,
2024,3,2024-03-01,Salina Cruz-La Ventosa,115755.0,4333.0,1395.0,470.0,4.0,7504.0,4499.0,593.0,5971.0,3620.0,312.0,234.0,7006.0,151696.0,120088.0,1869.0,29739.0,151696.0
2024,3,2024-03-01,Chamapa-Lecheria,3049318.0,156849.0,23351.0,812.0,1.0,113825.0,54661.0,4726.0,68508.0,5977.0,240.0,14.0,9091.0,3487373.0,3206167.0,24164.0,257042.0,3487373.0
2024,3,2024-03-01,Estacion Don-Nogales,1028927.0,3620.0,46518.0,38468.0,20.0,38657.0,28485.0,21177.0,322328.0,36065.0,4701.0,984.0,133652.0,1703602.0,1032547.0,85006.0,586049.0,1703602.0
2024,3,2024-03-01,Durango-Mazatlan,299885.0,3795.0,10439.0,6231.0,1.0,10268.0,19011.0,3147.0,61274.0,10705.0,2455.0,1320.0,48282.0,476813.0,303680.0,16671.0,156462.0,476813.0
2024,3,2024-03-01,Lagos de Moreno-San Luis Potosi,81574.0,1209.0,2219.0,554.0,4.0,7898.0,7189.0,1835.0,53570.0,6997.0,1533.0,216.0,22073.0,186871.0,82783.0,2777.0,101311.0,186871.0
2024,3,2024-03-01,Libramiento Amecameca-Nepantla,331201.0,8456.0,2902.0,313.0,,12363.0,10930.0,1862.0,14365.0,3399.0,181.0,128.0,6008.0,392108.0,339657.0,3215.0,49236.0,392108.0
2024,3,2024-03-01,Aeropuerto Los Cabos-San Jose del Cabo-Cabo San Lucas,359258.0,639.0,2582.0,75.0,,3317.0,1276.0,104.0,1697.0,1061.0,55.0,11.0,1063.0,371138.0,359897.0,2657.0,8584.0,371138.0
2024,3,2024-03-01,Libramiento Poniente de Acapulco,,,,,,,,,,,,,,,,,,
2024,3,2024-03-01,Puente el Zacatal,99316.0,1812.0,6368.0,2219.0,2.0,9801.0,7885.0,1483.0,26077.0,4091.0,281.0,50.0,12119.0,171504.0,101128.0,8589.0,61787.0,171504.0
2024,4,2024-04-01,Cuernavaca-Acapulco,1598959.0,93078.0,33979.0,6348.0,63.0,43701.0,26278.0,3655.0,22588.0,9491.0,281.0,71.0,7265.0,1845757.0,1692037.0,40390.0,113330.0,1845757.0
2024,4,2024-04-01,Cordoba-Veracruz,611234.0,24434.0,29110.0,7357.0,2.0,48121.0,55762.0,8575.0,127416.0,28264.0,2316.0,826.0,99049.0,1042466.0,635668.0,36469.0,370329.0,1042466.0
2024,4,2024-04-01,La Tinaja-Cosoleacaque,381272.0,7648.0,31159.0,13065.0,11.0,45219.0,60970.0,13223.0,184624.0,43881.0,4477.0,1615.0,133984.0,921148.0,388920.0,44235.0,487993.0,921148.0
2024,4,2024-04-01,Lib Noreste de Queretaro,204731.0,1390.0,4691.0,2646.0,7.0,40086.0,31622.0,5713.0,221384.0,21890.0,1267.0,163.0,37163.0,572753.0,206121.0,7344.0,359288.0,572753.0
2024,4,2024-04-01,Libramiento Oriente de Saltillo,143506.0,1899.0,6214.0,7412.0,11.0,24694.0,14159.0,7814.0,227349.0,25371.0,4093.0,2203.0,30388.0,495113.0,145405.0,13637.0,336071.0,495113.0
2024,4,2024-04-01,La Carbonera-Puerto Mexico,185074.0,856.0,16578.0,13155.0,825.0,18932.0,9895.0,7025.0,229658.0,24876.0,5161.0,2892.0,29946.0,544873.0,185930.0,30558.0,328385.0,544873.0
2024,4,2024-04-01,Libramiento Poniente de Tampico,239939.0,10788.0,1872.0,144.0,3.0,17837.0,17116.0,2951.0,34900.0,13239.0,1218.0,212.0,30893.0,371112.0,250727.0,2019.0,118366.0,371112.0
2024,4,2024-04-01,Champoton-Campeche,184350.0,5895.0,5475.0,1491.0,,11501.0,9807.0,1720.0,31380.0,4463.0,488.0,75.0,18535.0,275180.0,190245.0,6966.0,77969.0,275180.0
2024,4,2024-04-01,Gomez Palacio-Corralitos,108296.0,501.0,13961.0,8783.0,3.0,9035.0,11777.0,8273.0,102789.0,23361.0,3693.0,848.0,26992.0,318312.0,108797.0,22747.0,186768.0,318312.0
2024,4,2024-04-01,Torreon-Saltillo,242707.0,1151.0,19158.0,13531.0,5.0,11866.0,6528.0,8139.0,108536.0,28070.0,5532.0,2091.0,45196.0,492510.0,243858.0,32694.0,215958.0,492510.0
2024,4,2024-04-01,Tihuatlan-Gutierrez Zamora,124312.0,1582.0,4089.0,1297.0,6.0,6472.0,8441.0,1847.0,17884.0,6614.0,355.0,75.0,11452.0,184426.0,125894.0,5392.0,53140.0,184426.0
2024,4,2024-04-01,Agua Dulce-Cardenas,151949.0,1802.0,7070.0,3419.0,,17102.0,18297.0,3705.0,65570.0,13550.0,1398.0,404.0,39238.0,323504.0,153751.0,10489.0,159264.0,323504.0
2024,4,2024-04-01,Las Choapas-Ocozocoautla,214930.0,6058.0,11742.0,4157.0,1.0,27979.0,33314.0,4344.0,68252.0,12479.0,1133.0,884.0,48012.0,433285.0,220988.0,15900.0,196397.0,433285.0
2024,4,2024-04-01,Mexico-Cuernavaca,792013.0,22128.0,33216.0,10761.0,4.0,32867.0,20674.0,2757.0,29798.0,6194.0,856.0,42.0,7954.0,959264.0,814141.0,43981.0,101142.0,959264.0
2024,4,2024-04-01,Puente de Ixtla-Iguala,84169.0,1138.0,4688.0,756.0,1.0,7148.0,9335.0,1358.0,4395.0,3822.0,51.0,3.0,1843.0,118707.0,85307.0,5445.0,27955.0,118707.0
2024,4,2024-04-01,La Pera-Cuautla,928054.0,26755.0,24919.0,2028.0,9.0,25161.0,13748.0,1889.0,17990.0,4297.0,573.0,214.0,7921.0,1053558.0,954809.0,26956.0,71793.0,1053558.0
2024,4,2024-04-01,Zacapalco-Rancho Viejo,38840.0,2074.0,1754.0,89.0,,1583.0,482.0,189.0,181.0,93.0,,,5.0,45290.0,40914.0,1843.0,2533.0,45290.0
2024,4,2024-04-01,Mexico-Queretaro,2490791.0,22414.0,119377.0,39842.0,24.0,226968.0,187749.0,26121.0,621804.0,56461.0,7828.0,2174.0,137221.0,3938774.0,2513205.0,159243.0,1266326.0,3938774.0
2024,4,2024-04-01,Mexico-Puebla,3332475.0,59578.0,124054.0,27989.0,230.0,181918.0,134925.0,12339.0,268690.0,30605.0,4411.0,1744.0,91428.0,4270386.0,3392053.0,152273.0,726060.0,4270386.0
2024,4,2024-04-01,Queretaro-Irapuato,1556972.0,18110.0,46499.0,19742.0,29.0,140250.0,134270.0,16720.0,401930.0,48777.0,8687.0,1133.0,112024.0,2505143.0,1575082.0,66270.0,863791.0,2505143.0
2024,4,2024-04-01,Puebla-Acatzingo,1066396.0,10965.0,59680.0,10775.0,138.0,68794.0,69281.0,7580.0,126026.0,22626.0,3109.0,1141.0,73357.0,1519868.0,1077361.0,70593.0,371914.0,1519868.0
2024,4,2024-04-01,Acatzingo-Cd Mendoza,250950.0,2415.0,15812.0,5526.0,29.0,26916.0,39582.0,3923.0,85588.0,14094.0,1568.0,773.0,55170.0,502346.0,253365.0,21367.0,227614.0,502346.0
2024,4,2024-04-01,Cd Mendoza-Cordoba,,,,,,,,,,,,,,,,,,
2024,4,2024-04-01,Tehuacan-Oaxaca,739484.0,11929.0,43440.0,11340.0,62.0,49834.0,56423.0,4745.0,54775.0,13212.0,1736.0,1186.0,30304.0,1018470.0,751413.0,54842.0,212215.0,1018470.0
2024,4,2024-04-01,Tijuana-Ensenada,1403729.0,12198.0,19943.0,1482.0,71.0,27905.0,10125.0,1856.0,66328.0,3100.0,137.0,175.0,15202.0,1562251.0,1415927.0,21496.0,124828.0,1562251.0
2024,4,2024-04-01,Rancho Viejo-Taxco,65018.0,7899.0,2360.0,93.0,,2291.0,507.0,96.0,138.0,93.0,,1.0,,78496.0,72917.0,2453.0,3126.0,78496.0
2024,4,2024-04-01,La Rumorosa-Tecate,,,,,,,,,,,,,,,,,,
2024,4,2024-04-01,Salina Cruz-La Ventosa,103219.0,3660.0,1096.0,470.0,1.0,7844.0,4633.0,665.0,6471.0,3768.0,383.0,246.0,7154.0,139610.0,106879.0,1567.0,31164.0,139610.0
2024,4,2024-04-01,Chamapa-Lecheria,3097667.0,159461.0,24289.0,769.0,3.0,124247.0,59753.0,4729.0,70987.0,6356.0,248.0,13.0,10193.0,3558715.0,3257128.0,25061.0,276526.0,3558715.0
2024,4,2024-04-01,Estacion Don-Nogales,902744.0,3215.0,46572.0,38045.0,33.0,39628.0,28919.0,23731.0,326706.0,38608.0,5280.0,1066.0,131536.0,1586083.0,905959.0,84650.0,595474.0,1586083.0
2024,4,2024-04-01,Durango-Mazatlan,259287.0,4164.0,11435.0,6478.0,1.0,10825.0,16181.0,2860.0,61546.0,10057.0,1769.0,955.0,40774.0,426332.0,263451.0,17914.0,144967.0,426332.0
2024,4,2024-04-01,Lagos de Moreno-San Luis Potosi,64727.0,425.0,1472.0,492.0,5.0,8496.0,7672.0,2095.0,54536.0,8271.0,1636.0,250.0,23574.0,173651.0,65152.0,1969.0,106530.0,173651.0
2024,4,2024-04-01,Libramiento Amecameca-Nepantla,251970.0,5810.0,2737.0,257.0,,12549.0,10677.0,2029.0,15126.0,3852.0,187.0,144.0,6001.0,311339.0,257780.0,2994.0,50565.0,311339.0
2024,4,2024-04-01,Aeropuerto Los Cabos-San Jose del Cabo-Cabo San Lucas,331171.0,688.0,2633.0,53.0,2.0,3562.0,1345.0,114.0,1730.0,1066.0,73.0,9.0,992.0,343438.0,331859.0,2688.0,8891.0,343438.0
2024,4,2024-04-01,Libramiento Poniente de Acapulco,,,,,,,,,,,,,,,,,,
2024,4,2024-04-01,Puente el Zacatal,86583.0,1497.0,6269.0,2168.0,2.0,10309.0,7684.0,1457.0,24844.0,3940.0,233.0,53.0,12117.0,157156.0,88080.0,8439.0,60637.0,157156.0
2024,5,2024-05-01,Cuernavaca-Acapulco,1607281.0,103373.0,35123.0,6943.0,113.0,43945.0,26805.0,3413.0,22625.0,9633.0,197.0,109.0,6942.0,1866502.0,1710654.0,42179.0,113669.0,1866502.0
2024,5,2024-05-01,Cordoba-Veracruz,632714.0,24943.0,30142.0,7372.0,2.0,49614.0,55824.0,8932.0,132321.0,27914.0,2346.0,863.0,101274.0,1074261.0,657657.0,37516.0,379088.0,1074261.0
2024,5,2024-05-01,La Tinaja-Cosoleacaque,379443.0,7730.0,31874.0,12548.0,6.0,46153.0,61774.0,13943.0,190935.0,44533.0,4250.0,1782.0,134106.0,929077.0,387173.0,44428.0,497476.0,929077.0
2024,5,2024-05-01,Lib Noreste de Queretaro,181328.0,1824.0,3963.0,2710.0,7.0,38478.0,33232.0,5611.0,218671.0,22035.0,1529.0,136.0,37682.0,547206.0,183152.0,6680.0,357374.0,547206.0
2024,5,2024-05-01,Libramiento Oriente de Saltillo,166620.0,6333.0,6162.0,7140.0,5.0,24761.0,14166.0,8968.0,203785.0,26199.0,6785.0,4099.0,30006.0,505029.0,172953.0,13307.0,318769.0,505029.0
2024,5,2024-05-01,La Carbonera-Puerto Mexico,185597.0,1537.0,16324.0,13323.0,952.0,19659.0,10786.0,7643.0,234583.0,23564.0,4814.0,2735.0,31933.0,553450.0,187134.0,30599.0,335717.0,553450.0
2024,5,2024-05-01,Libramiento Poniente de Tampico,246076.0,12387.0,1846.0,127.0,3.0,18925.0,16031.0,2791.0,34664.0,12808.0,1084.0,177.0,27258.0,374177.0,258463.0,1976.0,113738.0,374177.0
2024,5,2024-05-01,Champoton-Campeche,183132.0,6219.0,5608.0,1472.0,,11667.0,9872.0,2015.0,34157.0,4608.0,482.0,92.0,19827.0,279151.0,189351.0,7080.0,82720.0,279151.0
2024,5,2024-05-01,Gomez Palacio-Corralitos,102948.0,1319.0,13916.0,8781.0,4.0,9364.0,13086.0,9372.0,112843.0,27415.0,4110.0,1045.0,30364.0,334567.0,104267.0,22701.0,207599.0,334567.0
2024,5,2024-05-01,Torreon-Saltillo,229582.0,3539.0,20621.0,14002.0,5.0,11926.0,6267.0,7542.0,121099.0,25814.0,3548.0,1145.0,45695.0,490785.0,233121.0,34628.0,223036.0,490785.0
2024,5,2024-05-01,Tihuatlan-Gutierrez Zamora,116291.0,1682.0,4306.0,1398.0,6.0,6813.0,8260.0,1852.0,18573.0,6646.0,397.0,72.0,11762.0,178058.0,117973.0,5710.0,54375.0,178058.0
2024,5,2024-05-01,Agua Dulce-Cardenas,146550.0,1753.0,6637.0,3195.0,,17480.0,19269.0,3949.0,68838.0,13071.0,1347.0,411.0,39043.0,321543.0,148303.0,9832.0,163408.0,321543.0
2024,5,2024-05-01,Las Choapas-Ocozocoautla,215192.0,6183.0,12190.0,3920.0,1.0,27878.0,35717.0,4769.0,67962.0,14001.0,1184.0,994.0,46377.0,436368.0,221375.0,16111.0,198882.0,436368.0
2024,5,2024-05-01,Mexico-Cuernavaca,733201.0,27726.0,33070.0,11150.0,8.0,31346.0,21156.0,2853.0,30734.0,6163.0,705.0,76.0,8452.0,906640.0,760927.0,44228.0,101485.0,906640.0
2024,5,2024-05-01,Puente de Ixtla-Iguala,87992.0,1189.0,4875.0,874.0,,7172.0,9869.0,1395.0,4864.0,3831.0,38.0,8.0,1880.0,123987.0,89181.0,5749.0,29057.0,123987.0
2024,5,2024-05-01,La Pera-Cuautla,879402.0,26511.0,24758.0,1977.0,19.0,23975.0,13476.0,1664.0,17748.0,4444.0,494.0,193.0,7380.0,1002041.0,905913.0,26754.0,69374.0,1002041.0
2024,5,2024-05-01,Zacapalco-Rancho Viejo,40286.0,2356.0,1799.0,98.0,,1563.0,479.0,197.0,192.0,99.0,,,2.0,47071.0,42642.0,1897.0,2532.0,47071.0
2024,5,2024-05-01,Mexico-Queretaro,2506314.0,24612.0,121611.0,43268.0,119.0,227591.0,198110.0,23848.0,647396.0,57119.0,7763.0,1740.0,144182.0,4003673.0,2530926.0,164998.0,1307749.0,4003673.0
2024,5,2024-05-01,Mexico-Puebla,3312378.0,66106.0,123712.0,26365.0,224.0,185648.0,137707.0,12765.0,273471.0,29175.0,4237.0,1756.0,96308.0,4269852.0,3378484.0,150301.0,741067.0,4269852.0
2024,5,2024-05-01,Queretaro-Irapuato,1608609.0,19467.0,47531.0,19462.0,41.0,148654.0,139542.0,18163.0,419004.0,50991.0,8645.0,1505.0,116779.0,2598393.0,1628076.0,67034.0,903283.0,2598393.0
2024,5,2024-05-01,Puebla-Acatzingo,1127943.0,12257.0,62330.0,10532.0,327.0,72392.0,76781.0,8028.0,133841.0,22950.0,3144.0,1145.0,74134.0,1605804.0,1140200.0,73189.0,392415.0,1605804.0
2024,5,2024-05-01,Acatzingo-Cd Mendoza,253893.0,2730.0,16232.0,5386.0,17.0,27402.0,39769.0,4239.0,88879.0,14257.0,1672.0,836.0,58026.0,513338.0,256623.0,21635.0,235080.0,513338.0
2024,5,2024-05-01,Cd Mendoza-Cordoba,,,,,,,,,,,,,,,,,,
2024,5,2024-05-01,Tehuacan-Oaxaca,676533.0,11565.0,40326.0,10006.0,55.0,48614.0,55258.0,5194.0,54306.0,12221.0,1555.0,1168.0,28955.0,945756.0,688098.0,50387.0,207271.0,945756.0
2024,5,2024-05-01,Tijuana-Ensenada,1494535.0,13297.0,21580.0,1773.0,85.0,29602.0,10026.0,2262.0,67175.0,3743.0,225.0,256.0,14435.0,1658994.0,1507832.0,23438.0,127724.0,1658994.0
2024,5,2024-05-01,Rancho Viejo-Taxco,69116.0,8890.0,2438.0,102.0,,2332.0,461.0,88.0,159.0,111.0,,,,83697.0,78006.0,2540.0,3151.0,83697.0
2024,5,2024-05-01,La Rumorosa-Tecate,38891.0,105.0,1177.0,358.0,7.0,2508.0,890.0,465.0,8298.0,556.0,119.0,38.0,2257.0,55669.0,38996.0,1542.0,15131.0,55669.0
2024,5,2024-05-01,Salina Cruz-La Ventosa,104038.0,3995.0,1018.0,327.0,,8418.0,5409.0,716.0,7103.0,4373.0,467.0,219.0,7372.0,143455.0,108033.0,1345.0,34077.0,143455.0
2024,5,2024-05-01,Chamapa-Lecheria,3135466.0,173016.0,24972.0,839.0,3.0,125272.0,58969.0,4867.0,73930.0,6218.0,217.0,9.0,10356.0,3614134.0,3308482.0,25814.0,279838.0,3614134.0
2024,5,2024-05-01,Estacion Don-Nogales,907955.0,4681.0,46897.0,39177.0,11.0,40848.0,30133.0,23486.0,338103.0,40675.0,5039.0,1079.0,127211.0,1605295.0,912636.0,86085.0,606574.0,1605295.0
2024,5,2024-05-01,Durango-Mazatlan,254759.0,27952.0,13021.0,7856.0,,11044.0,10972.0,2601.0,60445.0,9860.0,1980.0,828.0,38828.0,440146.0,282711.0,20877.0,136558.0,440146.0
2024,5,2024-05-01,Lagos de Moreno-San Luis Potosi,61420.0,487.0,1461.0,460.0,,8835.0,7905.0,2319.0,53895.0,10807.0,2169.0,417.0,24208.0,174383.0,61907.0,1921.0,110555.0,174383.0
2024,5,2024-05-01,Libramiento Amecameca-Nepantla,248647.0,6518.0,2754.0,204.0,,12256.0,10272.0,2044.0,15043.0,3572.0,188.0,107.0,5399.0,307004.0,255165.0,2958.0,48881.0,307004.0
2024,5,2024-05-01,Aeropuerto Los Cabos-San Jose del Cabo-Cabo San Lucas,324047.0,630.0,2716.0,93.0,,3498.0,1527.0,171.0,1660.0,1036.0,50.0,6.0,914.0,336348.0,324677.0,2809.0,8862.0,336348.0
2024,5,2024-05-01,Libramiento Poniente de Acapulco,,,,,,,,,,,,,,,,,,
2024,5,2024-05-01,Puente el Zacatal,75626.0,1560.0,5808.0,1924.0,,10620.0,7935.0,1525.0,26133.0,3731.0,245.0,77.0,12045.0,147229.0,77186.0,7732.0,62311.0,147229.0
2024,6,2024-06-01,Cuernavaca-Acapulco,1533513.0,89924.0,31118.0,6281.0,25.0,40603.0,24855.0,3642.0,21986.0,9295.0,277.0,96.0,6880.0,1768495.0,1623437.0,37424.0,107634.0,1768495.0
2024,6,2024-06-01,Cordoba-Veracruz,607338.0,25204.0,27102.0,6520.0,3.0,46872.0,52195.0,8731.0,123884.0,26674.0,2399.0,981.0,93449.0,1021352.0,632542.0,33625.0,355185.0,1021352.0
2024,6,2024-06-01,La Tinaja-Cosoleacaque,347387.0,7218.0,28500.0,11470.0,11.0,44427.0,55995.0,13456.0,175815.0,40482.0,4133.0,1715.0,122831.0,853440.0,354605.0,39981.0,458854.0,853440.0
2024,6,2024-06-01,Lib Noreste de Queretaro,163316.0,1181.0,3385.0,2068.0,7.0,33633.0,31463.0,4826.0,200709.0,19972.0,1204.0,135.0,36160.0,498059.0,164497.0,5460.0,328102.0,498059.0
2024,6,2024-06-01,Libramiento Oriente de Saltillo,128455.0,1387.0,5866.0,6387.0,6.0,28012.0,13403.0,3326.0,225289.0,20262.0,2186.0,937.0,30216.0,465732.0,129842.0,12259.0,323631.0,465732.0
2024,6,2024-06-01,La Carbonera-Puerto Mexico,169273.0,691.0,14587.0,11723.0,1082.0,18337.0,10307.0,6065.0,224976.0,20102.0,3043.0,1389.0,30717.0,512292.0,169964.0,27392.0,314936.0,512292.0
2024,6,2024-06-01,Libramiento Poniente de Tampico,231035.0,10980.0,1726.0,93.0,2.0,17285.0,11963.0,2444.0,32014.0,11873.0,871.0,142.0,24305.0,344733.0,242015.0,1821.0,100897.0,344733.0
2024,6,2024-06-01,Champoton-Campeche,162363.0,5153.0,5047.0,1324.0,1.0,10925.0,9124.0,1811.0,31915.0,4229.0,509.0,63.0,19755.0,252219.0,167516.0,6372.0,78331.0,252219.0
2024,6,2024-06-01,Gomez Palacio-Corralitos,106997.0,468.0,13067.0,8610.0,7.0,9372.0,13138.0,9792.0,110753.0,26902.0,4141.0,1105.0,27772.0,332124.0,107465.0,21684.0,202975.0,332124.0
2024,6,2024-06-01,Torreon-Saltillo,208111.0,1035.0,20007.0,13674.0,1.0,10841.0,5959.0,7499.0,117121.0,24574.0,3525.0,971.0,41480.0,454798.0,209146.0,33682.0,211970.0,454798.0
2024,6,2024-06-01,Tihuatlan-Gutierrez Zamora,100019.0,1394.0,3730.0,1294.0,6.0,6110.0,7056.0,1695.0,17640.0,6382.0,342.0,71.0,10686.0,156425.0,101413.0,5030.0,49982.0,156425.0
2024,6,2024-06-01,Agua Dulce-Cardenas,137375.0,1524.0,6174.0,3015.0,,16619.0,18406.0,3726.0,66131.0,12774.0,1316.0,437.0,38558.0,306055.0,138899.0,9189.0,157967.0,306055.0
2024,6,2024-06-01,Las Choapas-Ocozocoautla,203485.0,6894.0,10263.0,3207.0,2.0,25479.0,31785.0,4444.0,60383.0,11332.0,1123.0,846.0,40058.0,399301.0,210379.0,13472.0,175450.0,399301.0
2024,6,2024-06-01,Mexico-Cuernavaca,723728.0,23874.0,30208.0,10053.0,8.0,30496.0,19748.0,2927.0,30310.0,6023.0,792.0,77.0,8150.0,886394.0,747602.0,40269.0,98523.0,886394.0
2024,6,2024-06-01,Puente de Ixtla-Iguala,81937.0,1125.0,4126.0,935.0,1.0,6310.0,8511.0,1309.0,4208.0,3577.0,40.0,22.0,1782.0,113883.0,83062.0,5062.0,25759.0,113883.0
2024,6,2024-06-01,La Pera-Cuautla,887461.0,26090.0,22489.0,1237.0,15.0,23081.0,12574.0,1672.0,17904.0,4500.0,471.0,185.0,7592.0,1005271.0,913551.0,23741.0,67979.0,1005271.0
2024,6,2024-06-01,Zacapalco-Rancho Viejo,39653.0,2507.0,1716.0,114.0,,1423.0,457.0,181.0,172.0,95.0,,,,46318.0,42160.0,1830.0,2328.0,46318.0
2024,6,2024-06-01,Mexico-Queretaro,2419969.0,20009.0,113395.0,39718.0,184.0,212108.0,186601.0,24133.0,625059.0,55344.0,7766.0,1765.0,140478.0,3846529.0,2439978.0,153297.0,1253254.0,3846529.0
2024,6,2024-06-01,Mexico-Puebla,3079236.0,58698.0,113385.0,24977.0,189.0,172897.0,127396.0,12574.0,265251.0,29237.0,4309.0,1828.0,93196.0,3983173.0,3137934.0,138551.0,706688.0,3983173.0
2024,6,2024-06-01,Queretaro-Irapuato,1529669.0,17800.0,43595.0,17834.0,49.0,138482.0,128137.0,17001.0,396563.0,47924.0,8115.0,1550.0,109909.0,2456628.0,1547469.0,61478.0,847681.0,2456628.0
2024,6,2024-06-01,Puebla-Acatzingo,1034761.0,11272.0,56105.0,9521.0,223.0,68932.0,71709.0,7652.0,129238.0,21973.0,3128.0,1051.0,71703.0,1487268.0,1046033.0,65849.0,375386.0,1487268.0
2024,6,2024-06-01,Acatzingo-Cd Mendoza,231239.0,2656.0,14680.0,4715.0,12.0,25712.0,36474.0,3631.0,82514.0,13107.0,1676.0,711.0,55938.0,473065.0,233895.0,19407.0,219763.0,473065.0
2024,6,2024-06-01,Cd Mendoza-Cordoba,,,,,,,,,,,,,,,,,,
2024,6,2024-06-01,Tehuacan-Oaxaca,641458.0,11939.0,34638.0,8615.0,30.0,47536.0,53715.0,5244.0,53257.0,12819.0,1643.0,1113.0,30876.0,902883.0,653397.0,43283.0,206203.0,902883.0
2024,6,2024-06-01,Tijuana-Ensenada,1559325.0,13798.0,20983.0,1820.0,96.0,27866.0,10164.0,1973.0,65556.0,3181.0,174.0,121.0,11285.0,1716342.0,1573123.0,22899.0,120320.0,1716342.0
2024,6,2024-06-01,Rancho Viejo-Taxco,66857.0,8234.0,2303.0,126.0,2.0,2044.0,373.0,85.0,122.0,108.0,,,,80254.0,75091.0,2431.0,2732.0,80254.0
2024,6,2024-06-01,La Rumorosa-Tecate,256223.0,1111.0,7189.0,2214.0,10.0,11615.0,4928.0,2140.0,43250.0,2824.0,695.0,152.0,11451.0,343802.0,257334.0,9413.0,77055.0,343802.0
2024,6,2024-06-01,Salina Cruz-La Ventosa,86555.0,3095.0,597.0,238.0,1.0,7423.0,5012.0,616.0,6141.0,3799.0,276.0,225.0,6968.0,120946.0,89650.0,836.0,30460.0,120946.0
2024,6,2024-06-01,Chamapa-Lecheria,3037299.0,154476.0,22801.0,774.0,2.0,114338.0,53177.0,4795.0,68355.0,6127.0,304.0,15.0,10422.0,3472885.0,3191775.0,23577.0,257533.0,3472885.0
2024,6,2024-06-01,Estacion Don-Nogales,850631.0,2644.0,43874.0,37024.0,2.0,38070.0,28056.0,20952.0,315204.0,37435.0,5024.0,1182.0,104758.0,1484856.0,853275.0,80900.0,550681.0,1484856.0
2024,6,2024-06-01,Durango-Mazatlan,260987.0,3352.0,13205.0,8098.0,1.0,11204.0,8866.0,2526.0,55297.0,10338.0,2312.0,1124.0,37873.0,415183.0,264339.0,21304.0,129540.0,415183.0
2024,6,2024-06-01,Lagos de Moreno-San Luis Potosi,62815.0,437.0,1176.0,391.0,1.0,8412.0,7197.0,2268.0,52801.0,8928.0,1670.0,353.0,23374.0,169823.0,63252.0,1568.0,105003.0,169823.0
2024,6,2024-06-01,Libramiento Amecameca-Nepantla,232136.0,5694.0,2394.0,157.0,1.0,11309.0,9335.0,1966.0,14616.0,3405.0,183.0,121.0,5137.0,286454.0,237830.0,2552.0,46072.0,286454.0
2024,6,2024-06-01,Aeropuerto Los Cabos-San Jose del Cabo-Cabo San Lucas,312367.0,651.0,2509.0,125.0,,3122.0,1406.0,83.0,1519.0,826.0,63.0,7.0,962.0,323640.0,313018.0,2634.0,7988.0,323640.0
2024,6,2024-06-01,Libramiento Poniente de Acapulco,,,,,,,,,,,,,,,,,,
2024,6,2024-06-01,Puente el Zacatal,70505.0,1334.0,5560.0,1833.0,1.0,9979.0,7292.0,1495.0,25133.0,3642.0,304.0,70.0,13158.0,140306.0,71839.0,7394.0,61073.0,140306.0
2024,7,2024-07-01,Cuernavaca-Acapulco,1619953.0,89387.0,32111.0,6818.0,12.0,44791.0,25144.0,3198.0,21241.0,8779.0,231.0,99.0,7267.0,1859031.0,1709340.0,38941.0,110750.0,1859031.0
2024,7,2024-07-01,Cordoba-Veracruz,663500.0,25128.0,30493.0,8142.0,4.0,49935.0,52664.0,8957.0,126772.0,27925.0,2570.0,1057.0,97866.0,1095013.0,688628.0,38639.0,367746.0,1095013.0
2024,7,2024-07-01,La Tinaja-Cosoleacaque,420322.0,8400.0,35458.0,14446.0,9.0,46262.0,56904.0,13887.0,178898.0,42748.0,4427.0,1867.0,125040.0,948668.0,428722.0,49913.0,470033.0,948668.0
2024,7,2024-07-01,Lib Noreste de Queretaro,171850.0,1099.0,3717.0,1910.0,2.0,32265.0,30226.0,5055.0,200176.0,20507.0,1051.0,127.0,34379.0,502364.0,172949.0,5629.0,323786.0,502364.0
2024,7,2024-07-01,Libramiento Oriente de Saltillo,167041.0,3964.0,4421.0,5465.0,7.0,35895.0,16522.0,3330.0,234621.0,22011.0,1744.0,689.0,31263.0,526973.0,171005.0,9893.0,346075.0,526973.0
2024,7,2024-07-01,La Carbonera-Puerto Mexico,203410.0,1242.0,14761.0,12090.0,1860.0,23050.0,12637.0,3953.0,238081.0,25709.0,3313.0,1439.0,33213.0,574758.0,204652.0,28711.0,341395.0,574758.0
2024,7,2024-07-01,Libramiento Poniente de Tampico,215938.0,11348.0,2276.0,205.0,2.0,16976.0,11467.0,2725.0,32663.0,13728.0,673.0,175.0,24777.0,332953.0,227286.0,2483.0,103184.0,332953.0
2024,7,2024-07-01,Champoton-Campeche,191840.0,5876.0,6256.0,1637.0,,11797.0,9405.0,2045.0,33503.0,4947.0,587.0,84.0,19368.0,287345.0,197716.0,7893.0,81736.0,287345.0
2024,7,2024-07-01,Gomez Palacio-Corralitos,160897.0,1380.0,15570.0,10744.0,7.0,10069.0,15988.0,11009.0,116985.0,28404.0,3606.0,1077.0,31576.0,407312.0,162277.0,26321.0,218714.0,407312.0
2024,7,2024-07-01,Torreon-Saltillo,269308.0,1188.0,19713.0,14148.0,4.0,13157.0,8202.0,8721.0,116743.0,25865.0,3907.0,1658.0,43721.0,526335.0,270496.0,33865.0,221974.0,526335.0
2024,7,2024-07-01,Tihuatlan-Gutierrez Zamora,117159.0,1477.0,3981.0,1460.0,7.0,6541.0,6262.0,1817.0,17238.0,6737.0,374.0,91.0,10389.0,173533.0,118636.0,5448.0,49449.0,173533.0
2024,7,2024-07-01,Agua Dulce-Cardenas,165363.0,1456.0,7921.0,3787.0,,17244.0,18095.0,4077.0,66696.0,13748.0,1361.0,489.0,38047.0,338284.0,166819.0,11708.0,159757.0,338284.0
2024,7,2024-07-01,Las Choapas-Ocozocoautla,241209.0,5572.0,13529.0,4196.0,,27184.0,33396.0,4849.0,62962.0,12726.0,1229.0,824.0,41932.0,449608.0,246781.0,17725.0,185102.0,449608.0
2024,7,2024-07-01,Mexico-Cuernavaca,779140.0,21824.0,32389.0,10636.0,8.0,33544.0,20290.0,2716.0,31004.0,5902.0,758.0,101.0,8463.0,946775.0,800964.0,43033.0,102778.0,946775.0
2024,7,2024-07-01,Puente de Ixtla-Iguala,89081.0,1209.0,4586.0,935.0,,6454.0,8406.0,1254.0,3972.0,3375.0,73.0,21.0,1888.0,121254.0,90290.0,5521.0,25443.0,121254.0
2024,7,2024-07-01,La Pera-Cuautla,736191.0,18398.0,18440.0,798.0,6.0,19088.0,9682.0,1121.0,13306.0,3220.0,461.0,141.0,6371.0,827223.0,754589.0,19244.0,53390.0,827223.0
2024,7,2024-07-01,Zacapalco-Rancho Viejo,46118.0,2447.0,1863.0,159.0,,1529.0,544.0,201.0,172.0,101.0,,,,53134.0,48565.0,2022.0,2547.0,53134.0
2024,7,2024-07-01,Mexico-Queretaro,2625695.0,17354.0,127071.0,43412.0,35.0,230131.0,192409.0,23763.0,655780.0,57566.0,7256.0,1511.0,142420.0,4124403.0,2643049.0,170518.0,1310836.0,4124403.0
2024,7,2024-07-01,Mexico-Puebla,3271612.0,53503.0,119629.0,27421.0,250.0,187316.0,133854.0,12378.0,271515.0,30790.0,4267.0,1744.0,93183.0,4207462.0,3325115.0,147300.0,735047.0,4207462.0
2024,7,2024-07-01,Queretaro-Irapuato,1624780.0,15687.0,48645.0,19991.0,42.0,146118.0,130993.0,16504.0,400063.0,47748.0,7525.0,1055.0,110339.0,2569490.0,1640467.0,68678.0,860345.0,2569490.0
2024,7,2024-07-01,Puebla-Acatzingo,1163589.0,10158.0,63923.0,11071.0,179.0,72702.0,73472.0,7879.0,131698.0,22561.0,3117.0,997.0,73346.0,1634692.0,1173747.0,75173.0,385772.0,1634692.0
2024,7,2024-07-01,Acatzingo-Cd Mendoza,265537.0,2177.0,16965.0,6084.0,22.0,27079.0,37528.0,4006.0,84042.0,13215.0,1650.0,821.0,58214.0,517340.0,267714.0,23071.0,226555.0,517340.0
2024,7,2024-07-01,Tehuacan-Oaxaca,833894.0,10679.0,44960.0,11106.0,41.0,50725.0,55079.0,5242.0,54046.0,12378.0,1698.0,893.0,30461.0,1111202.0,844573.0,56107.0,210522.0,1111202.0
2024,7,2024-07-01,Tijuana-Ensenada,1719483.0,14663.0,21636.0,2038.0,69.0,30968.0,11609.0,2116.0,76299.0,3591.0,132.0,109.0,14527.0,1897240.0,1734146.0,23743.0,139351.0,1897240.0
2024,7,2024-07-01,Rancho Viejo-Taxco,75888.0,8104.0,2474.0,147.0,,1836.0,363.0,84.0,137.0,75.0,,1.0,,89109.0,83992.0,2621.0,2496.0,89109.0
2024,7,2024-07-01,La Rumorosa-Tecate,291096.0,1064.0,7994.0,2622.0,13.0,12485.0,4939.0,1964.0,44324.0,2931.0,700.0,140.0,13802.0,384074.0,292160.0,10629.0,81285.0,384074.0
2024,7,2024-07-01,Salina Cruz-La Ventosa,108369.0,3505.0,868.0,310.0,2.0,8034.0,5581.0,701.0,6104.0,3578.0,392.0,202.0,7311.0,144957.0,111874.0,1180.0,31903.0,144957.0
2024,7,2024-07-01,Chamapa-Lecheria,3016352.0,150607.0,21904.0,723.0,1.0,123593.0,55388.0,4979.0,70150.0,6291.0,274.0,19.0,9562.0,3459843.0,3166959.0,22628.0,270256.0,3459843.0
2024,7,2024-07-01,Estacion Don-Nogales,1035768.0,2333.0,48637.0,40916.0,2.0,41593.0,27383.0,19613.0,282161.0,37063.0,6420.0,1408.0,88730.0,1632027.0,1038101.0,89555.0,504371.0,1632027.0
2024,7,2024-07-01,Durango-Mazatlan,441783.0,3331.0,15317.0,9547.0,1.0,12218.0,9457.0,2462.0,57275.0,11129.0,1961.0,1119.0,34111.0,599711.0,445114.0,24865.0,129732.0,599711.0
2024,7,2024-07-01,Lagos de Moreno-San Luis Potosi,80785.0,425.0,1460.0,416.0,,8671.0,7418.0,2933.0,52154.0,10467.0,1975.0,748.0,24688.0,192140.0,81210.0,1876.0,109054.0,192140.0
2024,7,2024-07-01,Libramiento Amecameca-Nepantla,241071.0,4810.0,2611.0,140.0,3.0,11638.0,9647.0,1949.0,14343.0,3474.0,180.0,106.0,4849.0,294821.0,245881.0,2754.0,46186.0,294821.0
2024,7,2024-07-01,Aeropuerto Los Cabos-San Jose del Cabo-Cabo San Lucas,316575.0,572.0,2358.0,88.0,,3473.0,1529.0,104.0,1688.0,832.0,74.0,9.0,971.0,328273.0,317147.0,2446.0,8680.0,328273.0
2024,7,2024-07-01,Libramiento Poniente de Acapulco,,,,,,,,,,,,,,,,,,
2024,7,2024-07-01,Puente el Zacatal,101954.0,1627.0,6789.0,2163.0,,10448.0,7317.0,1605.0,25561.0,3730.0,264.0,80.0,12520.0,174058.0,103581.0,8952.0,61525.0,174058.0
2024,8,2024-08-01,Cuernavaca-Acapulco,1751879.0,97348.0,36932.0,10248.0,16.0,50708.0,31853.0,4547.0,29640.0,11168.0,238.0,128.0,9513.0,2034218.0,1849227.0,47196.0,137795.0,2034218.0
2024,8,2024-08-01,Cordoba-Veracruz,675710.0,27858.0,29414.0,7364.0,6.0,49093.0,52375.0,9046.0,127291.0,28241.0,2629.0,998.0,99156.0,1109181.0,703568.0,36784.0,368829.0,1109181.0
2024,8,2024-08-01,La Tinaja-Cosoleacaque,420785.0,9663.0,34953.0,13618.0,17.0,46453.0,56781.0,13765.0,182296.0,41621.0,4454.0,1959.0,126586.0,952951.0,430448.0,48588.0,473915.0,952951.0
2024,8,2024-08-01,Lib Noreste de Queretaro,158316.0,1449.0,3248.0,1875.0,7.0,31255.0,29434.0,4920.0,197000.0,21018.0,1240.0,134.0,33669.0,483565.0,159765.0,5130.0,318670.0,483565.0
2024,8,2024-08-01,Libramiento Oriente de Saltillo,155400.0,5488.0,3082.0,4184.0,1.0,28633.0,15082.0,2714.0,227615.0,21672.0,1839.0,635.0,30757.0,497102.0,160888.0,7267.0,328947.0,497102.0
2024,8,2024-08-01,La Carbonera-Puerto Mexico,189951.0,1562.0,11027.0,8881.0,2750.0,22949.0,12027.0,3203.0,237195.0,30839.0,4362.0,1414.0,32595.0,558755.0,191513.0,22658.0,344584.0,558755.0
2024,8,2024-08-01,Libramiento Poniente de Tampico,136527.0,10438.0,1219.0,195.0,5.0,13420.0,10493.0,2932.0,36154.0,14002.0,894.0,154.0,27261.0,253694.0,146965.0,1419.0,105310.0,253694.0
2024,8,2024-08-01,Champoton-Campeche,203043.0,5827.0,6499.0,1697.0,1.0,12154.0,10213.0,1970.0,34424.0,4722.0,558.0,77.0,18744.0,299929.0,208870.0,8197.0,82862.0,299929.0
2024,8,2024-08-01,Gomez Palacio-Corralitos,142606.0,500.0,14081.0,9877.0,8.0,9600.0,14280.0,11717.0,113509.0,27840.0,4475.0,2379.0,34539.0,385411.0,143106.0,23966.0,218339.0,385411.0
2024,8,2024-08-01,Torreon-Saltillo,255381.0,7959.0,18326.0,12512.0,8.0,19748.0,9674.0,7997.0,114691.0,25308.0,2983.0,1166.0,38848.0,514601.0,263340.0,30846.0,220415.0,514601.0
2024,8,2024-08-01,Tihuatlan-Gutierrez Zamora,129312.0,5484.0,4131.0,1539.0,7.0,6736.0,7397.0,2110.0,19599.0,7381.0,614.0,95.0,11990.0,196395.0,134796.0,5677.0,55922.0,196395.0
2024,8,2024-08-01,Agua Dulce-Cardenas,166113.0,1503.0,7801.0,3725.0,13.0,17832.0,17918.0,3954.0,68060.0,13234.0,1343.0,460.0,38002.0,339958.0,167616.0,11539.0,160803.0,339958.0
2024,8,2024-08-01,Las Choapas-Ocozocoautla,242102.0,6727.0,13128.0,3875.0,1.0,27005.0,31581.0,4695.0,64313.0,13613.0,1249.0,837.0,44610.0,453736.0,248829.0,17004.0,187903.0,453736.0
2024,8,2024-08-01,Mexico-Cuernavaca,811352.0,21352.0,33676.0,11253.0,1.0,31351.0,20492.0,2994.0,33414.0,6443.0,871.0,113.0,8726.0,982038.0,832704.0,44930.0,104404.0,982038.0
2024,8,2024-08-01,Puente de Ixtla-Iguala,86368.0,1208.0,4520.0,956.0,,6202.0,8035.0,1443.0,4114.0,3444.0,42.0,14.0,1677.0,118023.0,87576.0,5476.0,24971.0,118023.0
2024,8,2024-08-01,La Pera-Cuautla,72540.0,2512.0,5161.0,70.0,1.0,997.0,378.0,6.0,87.0,14.0,,7.0,24.0,81797.0,75052.0,5232.0,1513.0,81797.0
2024,8,2024-08-01,Zacapalco-Rancho Viejo,46309.0,2884.0,1920.0,160.0,,1617.0,523.0,208.0,192.0,91.0,,,1.0,53905.0,49193.0,2080.0,2632.0,53905.0
2024,8,2024-08-01,Mexico-Queretaro,2653945.0,21716.0,124377.0,41203.0,90.0,234501.0,192350.0,25096.0,654446.0,57726.0,7916.0,1404.0,145155.0,4159925.0,2675661.0,165670.0,1318594.0,4159925.0
2024,8,2024-08-01,Mexico-Puebla,3082482.0,57678.0,110854.0,25207.0,255.0,177610.0,128886.0,12020.0,261441.0,28647.0,4245.0,1540.0,90033.0,3980898.0,3140160.0,136316.0,704422.0,3980898.0
2024,8,2024-08-01,Queretaro-Irapuato,1657223.0,18200.0,50756.0,19534.0,19.0,148449.0,132264.0,16960.0,414643.0,48197.0,8363.0,974.0,115901.0,2631483.0,1675423.0,70309.0,885751.0,2631483.0
2024,8,2024-08-01,Puebla-Acatzingo,1204571.0,11910.0,60396.0,10576.0,184.0,73030.0,74847.0,7841.0,130566.0,22360.0,3327.0,952.0,72655.0,1673215.0,1216481.0,71156.0,385578.0,1673215.0
2024,8,2024-08-01,Acatzingo-Cd Mendoza,271411.0,2466.0,16226.0,5692.0,18.0,27103.0,36806.0,4086.0,84605.0,12818.0,1670.0,840.0,57740.0,521481.0,273877.0,21936.0,225668.0,521481.0
2024,8,2024-08-01,Cd Mendoza-Cordoba,,,,,,,,,,,,,,,,,,
2024,8,2024-08-01,Tehuacan-Oaxaca,795715.0,11015.0,40039.0,9857.0,70.0,50255.0,55038.0,5470.0,58641.0,13243.0,1668.0,1018.0,31540.0,1073569.0,806730.0,49966.0,216873.0,1073569.0
2024,8,2024-08-01,Tijuana-Ensenada,1712526.0,16262.0,20169.0,1890.0,96.0,31397.0,11709.0,2182.0,78641.0,3275.0,138.0,96.0,15493.0,1893874.0,1728788.0,22155.0,142931.0,1893874.0
2024,8,2024-08-01,Rancho Viejo-Taxco,75921.0,9451.0,2564.0,169.0,,2017.0,346.0,87.0,163.0,88.0,,,1.0,90807.0,85372.0,2733.0,2702.0,90807.0
2024,8,2024-08-01,La Rumorosa-Tecate,281972.0,1256.0,7847.0,2511.0,13.0,12243.0,5090.0,2231.0,46102.0,3185.0,652.0,173.0,13656.0,376931.0,283228.0,10371.0,83332.0,376931.0
2024,8,2024-08-01,Salina Cruz-La Ventosa,109196.0,3751.0,815.0,328.0,1.0,7965.0,5111.0,647.0,6268.0,3512.0,356.0,188.0,7664.0,145802.0,112947.0,1144.0,31711.0,145802.0
2024,8,2024-08-01,Chamapa-Lecheria,3180820.0,163858.0,22973.0,726.0,2.0,123559.0,55265.0,5206.0,71377.0,5855.0,264.0,9.0,9392.0,3639306.0,3344678.0,23701.0,270927.0,3639306.0
2024,8,2024-08-01,Estacion Don-Nogales,916821.0,2850.0,38908.0,34982.0,2.0,45990.0,31862.0,19465.0,295597.0,33881.0,4775.0,824.0,89717.0,1515674.0,919671.0,73892.0,522111.0,1515674.0
2024,8,2024-08-01,Durango-Mazatlan,385911.0,3052.0,14628.0,8969.0,2.0,11919.0,9331.0,2562.0,56956.0,9583.0,1668.0,1081.0,32369.0,538031.0,388963.0,23599.0,125469.0,538031.0
2024,8,2024-08-01,Lagos de Moreno-San Luis Potosi,77295.0,492.0,1569.0,448.0,2.0,8647.0,7518.0,2653.0,54175.0,8641.0,1870.0,520.0,25162.0,188992.0,77787.0,2019.0,109186.0,188992.0
2024,8,2024-08-01,Libramiento Amecameca-Nepantla,251024.0,5353.0,3565.0,457.0,1.0,12440.0,11006.0,1932.0,16181.0,3563.0,205.0,183.0,5380.0,311290.0,256377.0,4023.0,50890.0,311290.0
2024,8,2024-08-01,Aeropuerto Los Cabos-San Jose del Cabo-Cabo San Lucas,282792.0,584.0,1958.0,53.0,1.0,3226.0,1851.0,63.0,1671.0,949.0,62.0,7.0,853.0,294070.0,283376.0,2012.0,8682.0,294070.0
2024,8,2024-08-01,Libramiento Poniente de Acapulco,11566.0,613.0,169.0,49.0,,644.0,651.0,115.0,326.0,254.0,1.0,1.0,18.0,14407.0,12179.0,218.0,2010.0,14407.0
2024,8,2024-08-01,Puente el Zacatal,98419.0,1684.0,6931.0,2291.0,1.0,10890.0,7451.0,1574.0,26508.0,3878.0,267.0,60.0,12257.0,172211.0,100103.0,9223.0,62885.0,172211.0
2024,8,2024-08-01,Libramiento de Villahermosa,72707.0,2649.0,475.0,254.0,1.0,9170.0,10194.0,2323.0,33412.0,8747.0,620.0,169.0,17017.0,157738.0,75356.0,730.0,81652.0,157738.0
2024,8,2024-08-01,Libramiento Oriente de Chihuahua,,,,,,,,,,,,,,,,,,
2024,9,2024-09-01,Cuernavaca-Acapulco,2014739.0,103355.0,52276.0,16919.0,36.0,65025.0,48040.0,7663.0,45741.0,15352.0,307.0,112.0,14236.0,2383801.0,2118094.0,69231.0,196476.0,2383801.0
2024,9,2024-09-01,Cordoba-Veracruz,587671.0,28008.0,23895.0,5610.0,1.0,45170.0,48774.0,8342.0,118256.0,25253.0,2436.0,782.0,88898.0,983096.0,615679.0,29506.0,337911.0,983096.0
2024,9,2024-09-01,La Tinaja-Cosoleacaque,328831.0,9311.0,26924.0,10994.0,17.0,42554.0,53578.0,12840.0,169603.0,38000.0,4015.0,1448.0,115278.0,813393.0,338142.0,37935.0,437316.0,813393.0
2024,9,2024-09-01,Lib Noreste de Queretaro,175699.0,1478.0,3835.0,2018.0,4.0,32667.0,27148.0,5052.0,196072.0,20073.0,1177.0,117.0,33003.0,498343.0,177177.0,5857.0,315309.0,498343.0
2024,9,2024-09-01,Libramiento Oriente de Saltillo,141373.0,2110.0,3036.0,4086.0,2.0,40275.0,15195.0,3140.0,212514.0,18746.0,1500.0,643.0,26542.0,469162.0,143483.0,7124.0,318555.0,469162.0
2024,9,2024-09-01,La Carbonera-Puerto Mexico,159023.0,1524.0,9755.0,7893.0,1016.0,22245.0,11735.0,2567.0,217705.0,29683.0,4607.0,1649.0,30636.0,500038.0,160547.0,18664.0,320827.0,500038.0
2024,9,2024-09-01,Libramiento Poniente de Tampico,112199.0,9348.0,835.0,116.0,6.0,11754.0,9175.0,2466.0,33658.0,11974.0,956.0,144.0,24099.0,216730.0,121547.0,957.0,94226.0,216730.0
2024,9,2024-09-01,Champoton-Campeche,169973.0,6199.0,5339.0,1307.0,,11366.0,9135.0,1943.0,31738.0,4292.0,522.0,83.0,17156.0,259053.0,176172.0,6646.0,76235.0,259053.0
2024,9,2024-09-01,Gomez Palacio-Corralitos,105179.0,546.0,13426.0,8357.0,7.0,9551.0,13512.0,9695.0,114929.0,23101.0,3167.0,856.0,29527.0,331853.0,105725.0,21790.0,204338.0,331853.0
2024,9,2024-09-01,Torreon-Saltillo,204364.0,12388.0,16350.0,10733.0,5.0,15444.0,8627.0,7433.0,108882.0,23057.0,2997.0,1134.0,38947.0,450361.0,216752.0,27088.0,206521.0,450361.0
2024,9,2024-09-01,Tihuatlan-Gutierrez Zamora,95507.0,5296.0,2929.0,960.0,10.0,6087.0,6976.0,1854.0,17341.0,6420.0,398.0,80.0,10555.0,154413.0,100803.0,3899.0,49711.0,154413.0
2024,9,2024-09-01,Agua Dulce-Cardenas,134638.0,1496.0,5994.0,3008.0,5.0,16445.0,17338.0,3703.0,63404.0,12054.0,1382.0,403.0,35927.0,295797.0,136134.0,9007.0,150656.0,295797.0
2024,9,2024-09-01,Las Choapas-Ocozocoautla,199688.0,6620.0,11006.0,3372.0,8.0,25850.0,31191.0,4149.0,59048.0,10850.0,1122.0,769.0,39464.0,393137.0,206308.0,14386.0,172443.0,393137.0
2024,9,2024-09-01,Mexico-Cuernavaca,664485.0,19595.0,28257.0,8965.0,2.0,27312.0,17233.0,2547.0,27802.0,5221.0,839.0,104.0,7020.0,809382.0,684080.0,37224.0,88078.0,809382.0
2024,9,2024-09-01,Puente de Ixtla-Iguala,19707.0,474.0,1099.0,244.0,1.0,1309.0,1218.0,239.0,825.0,584.0,8.0,3.0,364.0,26075.0,20181.0,1344.0,4550.0,26075.0
2024,9,2024-09-01,La Pera-Cuautla,49952.0,1997.0,4505.0,90.0,,880.0,339.0,7.0,74.0,8.0,3.0,3.0,17.0,57875.0,51949.0,4595.0,1331.0,57875.0
2024,9,2024-09-01,Zacapalco-Rancho Viejo,68155.0,2605.0,3776.0,507.0,,3337.0,1333.0,301.0,376.0,192.0,3.0,,13.0,80598.0,70760.0,4283.0,5555.0,80598.0
2024,9,2024-09-01,Mexico-Queretaro,2451718.0,20014.0,115596.0,38027.0,76.0,217317.0,181629.0,22300.0,618006.0,54079.0,8169.0,1175.0,138754.0,3866860.0,2471732.0,153699.0,1241429.0,3866860.0
2024,9,2024-09-01,Mexico-Puebla,3062842.0,67369.0,112377.0,25101.0,253.0,170242.0,127019.0,12115.0,265931.0,28069.0,4447.0,1575.0,88964.0,3966304.0,3130211.0,137731.0,698362.0,3966304.0
2024,9,2024-09-01,Queretaro-Irapuato,1534960.0,18475.0,47666.0,18283.0,17.0,136526.0,124595.0,15184.0,386138.0,43403.0,8009.0,841.0,105252.0,2439349.0,1553435.0,65966.0,819948.0,2439349.0
2024,9,2024-09-01,Puebla-Acatzingo,1052117.0,12455.0,55973.0,9521.0,154.0,68048.0,71745.0,7463.0,126400.0,20363.0,3264.0,916.0,66127.0,1494546.0,1064572.0,65648.0,364326.0,1494546.0
2024,9,2024-09-01,Acatzingo-Cd Mendoza,229227.0,2803.0,13459.0,4821.0,19.0,26160.0,36218.0,3928.0,80883.0,12060.0,1701.0,709.0,52328.0,464316.0,232030.0,18299.0,213987.0,464316.0
2024,9,2024-09-01,Cd Mendoza-Cordoba,,,,,,,,,,,,,,,,,,
2024,9,2024-09-01,Tehuacan-Oaxaca,634556.0,10106.0,32549.0,7974.0,35.0,45943.0,50442.0,5057.0,52948.0,12169.0,1819.0,790.0,29344.0,883732.0,644662.0,40558.0,198512.0,883732.0
2024,9,2024-09-01,Tijuana-Ensenada,1550499.0,16720.0,18882.0,1585.0,68.0,28813.0,11190.0,2051.0,70389.0,3520.0,122.0,140.0,14955.0,1718934.0,1567219.0,20535.0,131180.0,1718934.0
2024,9,2024-09-01,Rancho Viejo-Taxco,90393.0,8361.0,3832.0,540.0,,3419.0,813.0,167.0,246.0,270.0,1.0,,5.0,108047.0,98754.0,4372.0,4921.0,108047.0
2024,9,2024-09-01,La Rumorosa-Tecate,241329.0,1149.0,6894.0,2097.0,16.0,11238.0,4714.0,2227.0,43672.0,2999.0,582.0,142.0,11821.0,328880.0,242478.0,9007.0,77395.0,328880.0
2024,9,2024-09-01,Salina Cruz-La Ventosa,84041.0,3552.0,583.0,241.0,,7341.0,4062.0,559.0,5315.0,2886.0,152.0,162.0,7340.0,116234.0,87593.0,824.0,27817.0,116234.0
2024,9,2024-09-01,Chamapa-Lecheria,3093667.0,156103.0,22990.0,735.0,1.0,113732.0,52385.0,4826.0,66964.0,5506.0,322.0,19.0,8556.0,3525806.0,3249770.0,23726.0,252310.0,3525806.0
2024,9,2024-09-01,Estacion Don-Nogales,751222.0,2512.0,33389.0,31855.0,2.0,41683.0,27968.0,18556.0,275263.0,32652.0,5292.0,787.0,84655.0,1305836.0,753734.0,65246.0,486856.0,1305836.0
2024,9,2024-09-01,Durango-Mazatlan,168095.0,2222.0,9291.0,5642.0,,8895.0,7080.0,1757.0,42903.0,7472.0,1372.0,849.0,28539.0,284117.0,170317.0,14933.0,98867.0,284117.0
2024,9,2024-09-01,Lagos de Moreno-San Luis Potosi,65819.0,401.0,1132.0,381.0,2.0,7988.0,7146.0,2735.0,50528.0,8249.0,1817.0,658.0,22339.0,169195.0,66220.0,1515.0,101460.0,169195.0
2024,9,2024-09-01,Libramiento Amecameca-Nepantla,218773.0,5181.0,2082.0,104.0,1.0,11121.0,9864.0,1654.0,13240.0,2910.0,162.0,66.0,4040.0,269198.0,223954.0,2187.0,43057.0,269198.0
2024,9,2024-09-01,Aeropuerto Los Cabos-San Jose del Cabo-Cabo San Lucas,234529.0,604.0,1680.0,32.0,,2977.0,1503.0,85.0,1401.0,712.0,48.0,8.0,736.0,244315.0,235133.0,1712.0,7470.0,244315.0
2024,9,2024-09-01,Libramiento Poniente de Acapulco,46240.0,2337.0,613.0,129.0,4.0,2091.0,2274.0,455.0,1241.0,864.0,,,90.0,56338.0,48577.0,746.0,7015.0,56338.0
2024,9,2024-09-01,Puente el Zacatal,69037.0,2557.0,5770.0,1902.0,1.0,9959.0,6913.0,1543.0,24561.0,3565.0,251.0,67.0,11575.0,137701.0,71594.0,7673.0,58434.0,137701.0
2024,9,2024-09-01,Libramiento de Villahermosa,132828.0,5398.0,1022.0,466.0,1.0,17212.0,19492.0,4189.0,59604.0,14087.0,1119.0,271.0,30798.0,286487.0,138226.0,1489.0,146772.0,286487.0
2024,9,2024-09-01,Libramiento Oriente de Chihuahua,110585.0,947.0,1544.0,3579.0,4.0,10046.0,8426.0,4501.0,80705.0,10896.0,2534.0,395.0,20932.0,255094.0,111532.0,5127.0,138435.0,255094.0
2024,10,2024-10-01,Cuernavaca-Acapulco,1528875.0,101558.0,28356.0,5141.0,3.0,45266.0,26036.0,3334.0,21471.0,9727.0,196.0,68.0,6781.0,1776812.0,1630433.0,33500.0,112879.0,1776812.0
2024,10,2024-10-01,Cordoba-Veracruz,566158.0,26288.0,23429.0,5844.0,7.0,48331.0,50318.0,8655.0,124298.0,25973.0,2454.0,790.0,93388.0,975933.0,592446.0,29280.0,354207.0,975933.0
2024,10,2024-10-01,La Tinaja-Cosoleacaque,314323.0,9699.0,26462.0,11185.0,5.0,45044.0,56175.0,12739.0,179769.0,36968.0,3837.0,1591.0,120815.0,818612.0,324022.0,37652.0,456938.0,818612.0
2024,10,2024-10-01,Lib Noreste de Queretaro,166076.0,1304.0,3750.0,2083.0,4.0,35071.0,30325.0,5677.0,212583.0,20492.0,1253.0,131.0,35134.0,513883.0,167380.0,5837.0,340666.0,513883.0
2024,10,2024-10-01,Libramiento Oriente de Saltillo,143794.0,3483.0,2171.0,3156.0,7.0,29353.0,13145.0,2506.0,251260.0,21563.0,1909.0,697.0,32010.0,505054.0,147277.0,5334.0,352443.0,505054.0
2024,10,2024-10-01,La Carbonera-Puerto Mexico,151615.0,1411.0,12460.0,9410.0,1023.0,26691.0,13524.0,3343.0,251977.0,29644.0,3682.0,829.0,34637.0,540246.0,153026.0,22893.0,364327.0,540246.0
2024,10,2024-10-01,Libramiento Poniente de Tampico,128880.0,8835.0,1148.0,114.0,3.0,13126.0,10129.0,2634.0,36721.0,12138.0,988.0,200.0,28957.0,243873.0,137715.0,1265.0,104893.0,243873.0
2024,10,2024-10-01,Champoton-Campeche,164011.0,5779.0,5021.0,1380.0,,11972.0,9809.0,1953.0,33073.0,4339.0,568.0,76.0,17264.0,255245.0,169790.0,6401.0,79054.0,255245.0
2024,10,2024-10-01,Gomez Palacio-Corralitos,105627.0,573.0,14412.0,8569.0,10.0,10630.0,13882.0,10316.0,123109.0,24668.0,3423.0,582.0,28604.0,344405.0,106200.0,22991.0,215214.0,344405.0
2024,10,2024-10-01,Torreon-Saltillo,210963.0,2331.0,16310.0,10062.0,1087.0,20083.0,7941.0,7368.0,116604.0,25734.0,3692.0,1918.0,40585.0,464678.0,213294.0,27459.0,223925.0,464678.0
2024,10,2024-10-01,Tihuatlan-Gutierrez Zamora,86895.0,1006.0,2696.0,1064.0,6.0,7089.0,9286.0,2086.0,19263.0,6684.0,421.0,81.0,11889.0,148466.0,87901.0,3766.0,56799.0,148466.0
2024,10,2024-10-01,Agua Dulce-Cardenas,128250.0,1288.0,5687.0,3060.0,4.0,17001.0,17761.0,3749.0,66643.0,11000.0,1307.0,477.0,35043.0,291270.0,129538.0,8751.0,152981.0,291270.0
2024,10,2024-10-01,Las Choapas-Ocozocoautla,197675.0,5762.0,10845.0,3477.0,4.0,27487.0,31727.0,4332.0,64713.0,10197.0,1094.0,864.0,41324.0,399501.0,203437.0,14326.0,181738.0,399501.0
2024,10,2024-10-01,Mexico-Cuernavaca,683409.0,21420.0,29063.0,9044.0,2.0,30892.0,19635.0,2788.0,31457.0,5975.0,863.0,108.0,8336.0,842992.0,704829.0,38109.0,100054.0,842992.0
2024,10,2024-10-01,Puente de Ixtla-Iguala,78510.0,1164.0,4309.0,783.0,,6231.0,5789.0,1241.0,3779.0,3176.0,38.0,37.0,1690.0,106747.0,79674.0,5092.0,21981.0,106747.0
2024,10,2024-10-01,La Pera-Cuautla,73218.0,3175.0,5148.0,138.0,,1250.0,262.0,7.0,61.0,7.0,2.0,,5.0,83273.0,76393.0,5286.0,1594.0,83273.0
2024,10,2024-10-01,Zacapalco-Rancho Viejo,40111.0,2688.0,1856.0,120.0,,1641.0,589.0,182.0,144.0,96.0,2.0,,,47429.0,42799.0,1976.0,2654.0,47429.0
2024,10,2024-10-01,Mexico-Queretaro,2451291.0,19965.0,126417.0,42266.0,24.0,231674.0,196280.0,25157.0,668880.0,57782.0,8131.0,1269.0,144699.0,3973835.0,2471256.0,168707.0,1333872.0,3973835.0
2024,10,2024-10-01,Mexico-Puebla,3228501.0,75131.0,110366.0,23633.0,223.0,194961.0,137012.0,12890.0,272921.0,28498.0,4084.0,1553.0,88884.0,4178657.0,3303632.0,134222.0,740803.0,4178657.0
2024,10,2024-10-01,Queretaro-Irapuato,1591830.0,20125.0,50927.0,19204.0,16.0,148516.0,137075.0,17304.0,427144.0,51096.0,9796.0,853.0,116437.0,2590323.0,1611955.0,70147.0,908221.0,2590323.0
2024,10,2024-10-01,Puebla-Acatzingo,1101493.0,10467.0,60625.0,10391.0,132.0,73472.0,76717.0,8005.0,132867.0,21745.0,3334.0,1014.0,68843.0,1569105.0,1111960.0,71148.0,385997.0,1569105.0
2024,10,2024-10-01,Acatzingo-Cd Mendoza,213825.0,2672.0,13266.0,4408.0,9.0,25760.0,34140.0,3673.0,76218.0,11998.0,1354.0,602.0,48654.0,436579.0,216497.0,17683.0,202399.0,436579.0
2024,10,2024-10-01,Cd Mendoza-Cordoba,,,,,,,,,,,,,,,,,,
2024,10,2024-10-01,Tehuacan-Oaxaca,671493.0,11583.0,37771.0,9768.0,55.0,51605.0,56870.0,5857.0,59691.0,12868.0,1409.0,682.0,29898.0,949550.0,683076.0,47594.0,218880.0,949550.0
2024,10,2024-10-01,Tijuana-Ensenada,1482945.0,13851.0,21105.0,1720.0,71.0,30545.0,14462.0,2023.0,71792.0,4367.0,207.0,142.0,15051.0,1658281.0,1496796.0,22896.0,138589.0,1658281.0
2024,10,2024-10-01,Rancho Viejo-Taxco,65549.0,9679.0,2256.0,127.0,,1957.0,288.0,67.0,133.0,93.0,,,,80149.0,75228.0,2383.0,2538.0,80149.0
2024,10,2024-10-01,La Rumorosa-Tecate,240419.0,1152.0,7310.0,2034.0,24.0,12130.0,4877.0,2220.0,47818.0,2865.0,625.0,149.0,12024.0,333647.0,241571.0,9368.0,82708.0,333647.0
2024,10,2024-10-01,Salina Cruz-La Ventosa,79985.0,3764.0,751.0,269.0,,7795.0,5005.0,653.0,5784.0,3012.0,151.0,204.0,6333.0,113706.0,83749.0,1020.0,28937.0,113706.0
2024,10,2024-10-01,Chamapa-Lecheria,3273977.0,176264.0,25966.0,1048.0,3.0,124687.0,57705.0,5292.0,72254.0,6167.0,214.0,19.0,8588.0,3752184.0,3450241.0,27017.0,274926.0,3752184.0
2024,10,2024-10-01,Estacion Don-Nogales,804514.0,3166.0,36153.0,33664.0,3.0,44160.0,30629.0,20191.0,298182.0,33787.0,6571.0,1326.0,99155.0,1411501.0,807680.0,69820.0,534001.0,1411501.0
2024,10,2024-10-01,Durango-Mazatlan,118506.0,2216.0,8825.0,4941.0,,10336.0,8874.0,2423.0,49428.0,8575.0,1787.0,815.0,32013.0,248739.0,120722.0,13766.0,114251.0,248739.0
2024,10,2024-10-01,Lagos de Moreno-San Luis Potosi,66173.0,405.0,1407.0,349.0,1.0,8716.0,7917.0,3630.0,53592.0,9117.0,2133.0,1278.0,23798.0,178516.0,66578.0,1757.0,110181.0,178516.0
2024,10,2024-10-01,Libramiento Amecameca-Nepantla,216376.0,5065.0,2274.0,137.0,,12000.0,10636.0,2054.0,14320.0,3634.0,162.0,89.0,4686.0,271433.0,221441.0,2411.0,47581.0,271433.0
2024,10,2024-10-01,Aeropuerto Los Cabos-San Jose del Cabo-Cabo San Lucas,332742.0,850.0,2130.0,70.0,1.0,3856.0,1904.0,95.0,1931.0,913.0,96.0,9.0,946.0,345543.0,333592.0,2201.0,9750.0,345543.0
2024,10,2024-10-01,Libramiento Poniente de Acapulco,,,,,,,,,,,,,,,,,,
2024,10,2024-10-01,Puente el Zacatal,58216.0,1208.0,5071.0,1870.0,,9794.0,6767.0,1348.0,22686.0,3227.0,252.0,54.0,10299.0,120792.0,59424.0,6941.0,54427.0,120792.0
2024,10,2024-10-01,Libramiento de Villahermosa,125823.0,4943.0,950.0,412.0,1.0,17420.0,19489.0,4174.0,62099.0,13461.0,1051.0,293.0,29646.0,279762.0,130766.0,1363.0,147633.0,279762.0
2024,10,2024-10-01,Libramiento Oriente de Chihuahua,109536.0,807.0,1586.0,3851.0,6.0,10930.0,8971.0,5242.0,86505.0,11946.0,2762.0,337.0,20690.0,263169.0,110343.0,5443.0,147383.0,263169.0
2024,11,2024-11-01,Cuernavaca-Acapulco,1593102.0,104057.0,30378.0,6257.0,5.0,43927.0,25084.0,3522.0,21229.0,9428.0,201.0,123.0,7450.0,1844763.0,1697159.0,36640.0,110964.0,1844763.0
2024,11,2024-11-01,Cordoba-Veracruz,543433.0,28892.0,23053.0,5764.0,2.0,44190.0,45594.0,7571.0,119739.0,23972.0,2484.0,659.0,85980.0,931333.0,572325.0,28819.0,330189.0,931333.0
2024,11,2024-11-01,La Tinaja-Cosoleacaque,334264.0,10322.0,27041.0,11179.0,17.0,45189.0,53658.0,11999.0,180939.0,35609.0,4303.0,1426.0,116699.0,832645.0,344586.0,38237.0,449822.0,832645.0
2024,11,2024-11-01,Lib Noreste de Queretaro,169156.0,1574.0,3779.0,2085.0,5.0,33946.0,28963.0,5352.0,202947.0,19335.0,1358.0,107.0,33169.0,501776.0,170730.0,5869.0,325177.0,501776.0
2024,11,2024-11-01,Libramiento Oriente de Saltillo,156700.0,7083.0,2309.0,3327.0,7.0,25080.0,12406.0,2679.0,240954.0,19582.0,2047.0,628.0,30821.0,503623.0,163783.0,5643.0,334197.0,503623.0
2024,11,2024-11-01,La Carbonera-Puerto Mexico,163355.0,1495.0,12626.0,9476.0,1083.0,32691.0,12914.0,3028.0,242513.0,25759.0,3394.0,805.0,31628.0,540767.0,164850.0,23185.0,352732.0,540767.0
2024,11,2024-11-01,Libramiento Poniente de Tampico,152297.0,9759.0,1503.0,144.0,8.0,13783.0,11914.0,2535.0,35947.0,11796.0,927.0,182.0,28030.0,268825.0,162056.0,1655.0,105114.0,268825.0
2024,11,2024-11-01,Champoton-Campeche,173415.0,6455.0,5278.0,1508.0,1.0,12104.0,9743.0,1989.0,33449.0,4208.0,588.0,74.0,17143.0,265955.0,179870.0,6787.0,79298.0,265955.0
2024,11,2024-11-01,Gomez Palacio-Corralitos,110974.0,610.0,13831.0,8466.0,3.0,10350.0,12371.0,9746.0,116293.0,24904.0,2991.0,462.0,27412.0,338413.0,111584.0,22300.0,204529.0,338413.0
2024,11,2024-11-01,Torreon-Saltillo,234918.0,1805.0,14935.0,9469.0,2103.0,29558.0,7130.0,6345.0,95515.0,23594.0,4635.0,3111.0,36831.0,469949.0,236723.0,26507.0,206719.0,469949.0
2024,11,2024-11-01,Tihuatlan-Gutierrez Zamora,100081.0,1490.0,2768.0,1102.0,13.0,6931.0,8538.0,1942.0,18850.0,6410.0,381.0,73.0,11272.0,159851.0,101571.0,3883.0,54397.0,159851.0
2024,11,2024-11-01,Agua Dulce-Cardenas,131952.0,1787.0,5592.0,3183.0,2.0,16618.0,17010.0,3690.0,66635.0,10820.0,1365.0,432.0,34470.0,293556.0,133739.0,8777.0,151040.0,293556.0
2024,11,2024-11-01,Las Choapas-Ocozocoautla,212297.0,6667.0,11056.0,3591.0,,27878.0,31381.0,4621.0,65695.0,10691.0,1495.0,808.0,42649.0,418829.0,218964.0,14647.0,185218.0,418829.0
2024,11,2024-11-01,Mexico-Cuernavaca,758172.0,24869.0,20131.0,6277.0,2.0,43774.0,22497.0,2862.0,30868.0,6086.0,788.0,57.0,8579.0,924962.0,783041.0,26410.0,115511.0,924962.0
2024,11,2024-11-01,Puente de Ixtla-Iguala,87056.0,1310.0,4692.0,773.0,,6019.0,6419.0,1296.0,3950.0,3153.0,55.0,9.0,1692.0,116424.0,88366.0,5465.0,22593.0,116424.0
2024,11,2024-11-01,La Pera-Cuautla,83616.0,3480.0,5132.0,103.0,1.0,1007.0,151.0,14.0,48.0,12.0,,,3.0,93567.0,87096.0,5236.0,1235.0,93567.0
2024,11,2024-11-01,Zacapalco-Rancho Viejo,46638.0,3076.0,2148.0,131.0,,1642.0,483.0,178.0,151.0,83.0,,,2.0,54532.0,49714.0,2279.0,2539.0,54532.0
2024,11,2024-11-01,Mexico-Queretaro,2532446.0,23476.0,122334.0,41168.0,29.0,220061.0,188570.0,24867.0,644473.0,54671.0,8783.0,1344.0,142226.0,4004448.0,2555922.0,163531.0,1284995.0,4004448.0
2024,11,2024-11-01,Mexico-Puebla,3368327.0,78438.0,114057.0,25991.0,292.0,184316.0,127213.0,12938.0,259371.0,24971.0,4186.0,1651.0,82936.0,4284687.0,3446765.0,140340.0,697582.0,4284687.0
2024,11,2024-11-01,Queretaro-Irapuato,1659041.0,21239.0,47294.0,19114.0,24.0,149173.0,133120.0,17382.0,413236.0,48140.0,9309.0,856.0,114616.0,2632544.0,1680280.0,66432.0,885832.0,2632544.0
2024,11,2024-11-01,Puebla-Acatzingo,1123871.0,12959.0,60698.0,10781.0,189.0,69007.0,69387.0,7589.0,123001.0,19523.0,3186.0,1170.0,65338.0,1566699.0,1136830.0,71668.0,358201.0,1566699.0
2024,11,2024-11-01,Acatzingo-Cd Mendoza,177216.0,2017.0,9880.0,3696.0,19.0,19472.0,23189.0,2229.0,44410.0,6212.0,901.0,337.0,24593.0,314171.0,179233.0,13595.0,121343.0,314171.0
2024,11,2024-11-01,Cd Mendoza-Cordoba,,,,,,,,,,,,,,,,,,
2024,11,2024-11-01,Tehuacan-Oaxaca,772810.0,18595.0,43507.0,11619.0,69.0,50016.0,56835.0,6111.0,61155.0,13099.0,1739.0,847.0,31174.0,1067576.0,791405.0,55195.0,220976.0,1067576.0
2024,11,2024-11-01,Tijuana-Ensenada,1477181.0,12004.0,20087.0,1615.0,68.0,28354.0,12366.0,2058.0,63052.0,3881.0,237.0,86.0,12337.0,1633326.0,1489185.0,21770.0,122371.0,1633326.0
2024,11,2024-11-01,Rancho Viejo-Taxco,76048.0,10564.0,2820.0,175.0,,1843.0,327.0,83.0,147.0,100.0,,,,92107.0,86612.0,2995.0,2500.0,92107.0
2024,11,2024-11-01,La Rumorosa-Tecate,245663.0,2236.0,6881.0,2028.0,13.0,11582.0,5015.0,2275.0,46389.0,2465.0,592.0,147.0,11506.0,336792.0,247899.0,8922.0,79971.0,336792.0
2024,11,2024-11-01,Salina Cruz-La Ventosa,93946.0,4506.0,1265.0,467.0,1.0,7949.0,4968.0,659.0,6743.0,3077.0,165.0,204.0,6506.0,130456.0,98452.0,1733.0,30271.0,130456.0
2024,11,2024-11-01,Chamapa-Lecheria,3175601.0,174857.0,24320.0,907.0,1.0,118361.0,51218.0,5220.0,69957.0,5860.0,249.0,16.0,8815.0,3635382.0,3350458.0,25228.0,259696.0,3635382.0
2024,11,2024-11-01,Estacion Don-Nogales,870627.0,3870.0,34880.0,33108.0,17.0,43266.0,29639.0,19242.0,294913.0,32615.0,6526.0,932.0,102117.0,1471752.0,874497.0,68005.0,529250.0,1471752.0
2024,11,2024-11-01,Durango-Mazatlan,125930.0,2175.0,9285.0,4428.0,3.0,9966.0,10204.0,2615.0,50859.0,8368.0,1865.0,970.0,31583.0,258251.0,128105.0,13716.0,116430.0,258251.0
2024,11,2024-11-01,Lagos de Moreno-San Luis Potosi,71545.0,556.0,1510.0,413.0,6.0,8785.0,8004.0,2641.0,51295.0,8505.0,1654.0,639.0,23670.0,179223.0,72101.0,1929.0,105193.0,179223.0
2024,11,2024-11-01,Libramiento Amecameca-Nepantla,242433.0,6142.0,2469.0,205.0,3.0,12193.0,10786.0,1932.0,15147.0,3477.0,151.0,82.0,4621.0,299641.0,248575.0,2677.0,48389.0,299641.0
2024,11,2024-11-01,Aeropuerto Los Cabos-San Jose del Cabo-Cabo San Lucas,374226.0,873.0,2603.0,104.0,,4444.0,1834.0,122.0,1990.0,1011.0,84.0,11.0,1076.0,388378.0,375099.0,2707.0,10572.0,388378.0
2024,11,2024-11-01,Libramiento Poniente de Acapulco,,,,,,,,,,,,,,,,,,
2024,11,2024-11-01,Puente el Zacatal,52798.0,1785.0,4821.0,1771.0,7.0,9344.0,6398.0,1185.0,19859.0,2902.0,250.0,35.0,8844.0,109999.0,54583.0,6599.0,48817.0,109999.0
2024,11,2024-11-01,Libramiento de Villahermosa,123137.0,5598.0,1030.0,524.0,2.0,17117.0,18387.0,4237.0,60783.0,12728.0,1114.0,292.0,29079.0,274028.0,128735.0,1556.0,143737.0,274028.0
2024,11,2024-11-01,Libramiento Oriente de Chihuahua,116670.0,699.0,1334.0,3658.0,3.0,10698.0,7846.0,5293.0,80486.0,12313.0,2418.0,351.0,20065.0,261834.0,117369.0,4995.0,139470.0,261834.0
2024,12,2024-12-01,Cuernavaca-Acapulco,1793622.0,106748.0,31602.0,8306.0,6.0,45680.0,24983.0,3340.0,20196.0,8939.0,210.0,138.0,7667.0,2051437.0,1900370.0,39914.0,111153.0,2051437.0
2024,12,2024-12-01,Cordoba-Veracruz,645441.0,28558.0,29302.0,7858.0,8.0,42158.0,44930.0,6974.0,116002.0,22059.0,2230.0,568.0,82230.0,1028318.0,673999.0,37168.0,317151.0,1028318.0
2024,12,2024-12-01,La Tinaja-Cosoleacaque,482185.0,10726.0,39757.0,15672.0,12.0,43802.0,54670.0,11579.0,173704.0,32053.0,4208.0,1311.0,114159.0,983838.0,492911.0,55441.0,435486.0,983838.0
2024,12,2024-12-01,Lib Noreste de Queretaro,235071.0,1416.0,4608.0,2984.0,7.0,31008.0,26538.0,4872.0,182634.0,18073.0,1389.0,88.0,30968.0,539656.0,236487.0,7599.0,295570.0,539656.0
2024,12,2024-12-01,Libramiento Oriente de Saltillo,231387.0,2404.0,4354.0,6533.0,6.0,28348.0,13275.0,2991.0,209845.0,17508.0,1998.0,657.0,28004.0,547310.0,233791.0,10893.0,302626.0,547310.0
2024,12,2024-12-01,La Carbonera-Puerto Mexico,255571.0,1195.0,13991.0,12487.0,1035.0,23201.0,11393.0,2977.0,214189.0,21390.0,3079.0,779.0,28829.0,590116.0,256766.0,27513.0,305837.0,590116.0
2024,12,2024-12-01,Libramiento Poniente de Tampico,210577.0,10273.0,2349.0,449.0,3.0,15179.0,11296.0,2531.0,32740.0,12106.0,913.0,172.0,28087.0,326675.0,220850.0,2801.0,103024.0,326675.0
2024,12,2024-12-01,Champoton-Campeche,216173.0,7359.0,6298.0,1657.0,,11981.0,9535.0,1928.0,33054.0,4355.0,595.0,90.0,17824.0,310849.0,223532.0,7955.0,79362.0,310849.0
2024,12,2024-12-01,Gomez Palacio-Corralitos,183464.0,260.0,14930.0,10346.0,23.0,9586.0,11314.0,9004.0,107775.0,22193.0,2876.0,560.0,26790.0,399121.0,183724.0,25299.0,190098.0,399121.0
2024,12,2024-12-01,Torreon-Saltillo,262280.0,1128.0,13739.0,10007.0,1447.0,16421.0,7522.0,5750.0,104587.0,21092.0,3746.0,1894.0,39119.0,488732.0,263408.0,25193.0,200131.0,488732.0
2024,12,2024-12-01,Tihuatlan-Gutierrez Zamora,142536.0,1478.0,4044.0,1615.0,8.0,6852.0,8054.0,1802.0,18026.0,5900.0,353.0,64.0,11107.0,201839.0,144014.0,5667.0,52158.0,201839.0
2024,12,2024-12-01,Agua Dulce-Cardenas,176935.0,2022.0,7886.0,3929.0,1.0,15773.0,16240.0,3429.0,63614.0,9347.0,1348.0,466.0,33930.0,334920.0,178957.0,11816.0,144147.0,334920.0
2024,12,2024-12-01,Las Choapas-Ocozocoautla,272171.0,6825.0,15462.0,5148.0,5.0,27777.0,33410.0,4986.0,64474.0,10753.0,1546.0,719.0,42363.0,485639.0,278996.0,20615.0,186028.0,485639.0
2024,12,2024-12-01,Mexico-Cuernavaca,907194.0,28732.0,21360.0,7180.0,1.0,42820.0,23730.0,2883.0,27609.0,5593.0,553.0,38.0,8213.0,1075906.0,935926.0,28541.0,111439.0,1075906.0
2024,12,2024-12-01,Puente de Ixtla-Iguala,100858.0,1419.0,5400.0,762.0,,5979.0,6599.0,1326.0,3538.0,2892.0,39.0,34.0,1706.0,130552.0,102277.0,6162.0,22113.0,130552.0
2024,12,2024-12-01,La Pera-Cuautla,87527.0,3558.0,5131.0,56.0,,786.0,111.0,8.0,54.0,7.0,3.0,,1.0,97242.0,91085.0,5187.0,970.0,97242.0
2024,12,2024-12-01,Zacapalco-Rancho Viejo,58184.0,3655.0,2295.0,323.0,,1714.0,515.0,202.0,161.0,84.0,,,,67133.0,61839.0,2618.0,2676.0,67133.0
2024,12,2024-12-01,Mexico-Queretaro,2938625.0,23214.0,131877.0,46911.0,26.0,203143.0,174654.0,23741.0,589722.0,50905.0,7926.0,1276.0,130906.0,4322926.0,2961839.0,178814.0,1182273.0,4322926.0
2024,12,2024-12-01,Mexico-Puebla,3773571.0,92493.0,129274.0,30789.0,337.0,176849.0,123360.0,12597.0,238594.0,23026.0,3597.0,1880.0,77684.0,4684051.0,3866064.0,160400.0,657587.0,4684051.0
2024,12,2024-12-01,Queretaro-Irapuato,1811131.0,18974.0,46496.0,19688.0,23.0,135007.0,125009.0,16298.0,371384.0,44041.0,8337.0,988.0,104200.0,2701576.0,1830105.0,66207.0,805264.0,2701576.0
2024,12,2024-12-01,Puebla-Acatzingo,1282766.0,14752.0,65552.0,12033.0,223.0,67906.0,69369.0,7456.0,113280.0,18531.0,2787.0,1106.0,61920.0,1717681.0,1297518.0,77808.0,342355.0,1717681.0
2024,12,2024-12-01,Acatzingo-Cd Mendoza,264604.0,2572.0,16841.0,5899.0,24.0,19896.0,24607.0,2205.0,44198.0,5661.0,775.0,286.0,24155.0,411723.0,267176.0,22764.0,121783.0,411723.0
2024,12,2024-12-01,Cd Mendoza-Cordoba,,,,,,,,,,,,,,,,,,
2024,12,2024-12-01,Tehuacan-Oaxaca,1001948.0,17274.0,48047.0,11408.0,122.0,50533.0,58057.0,6808.0,60478.0,13383.0,1343.0,869.0,31788.0,1302058.0,1019222.0,59577.0,223259.0,1302058.0
2024,12,2024-12-01,Tijuana-Ensenada,1483540.0,11643.0,19936.0,1342.0,59.0,25738.0,9853.0,1258.0,54465.0,2434.0,107.0,145.0,9531.0,1620051.0,1495183.0,21337.0,103531.0,1620051.0
2024,12,2024-12-01,Rancho Viejo-Taxco,92424.0,11445.0,2929.0,330.0,,2027.0,363.0,89.0,140.0,118.0,,,,109865.0,103869.0,3259.0,2737.0,109865.0
2024,12,2024-12-01,La Rumorosa-Tecate,248834.0,1183.0,7238.0,2508.0,19.0,10342.0,4442.0,2076.0,43712.0,2432.0,644.0,157.0,11031.0,334618.0,250017.0,9765.0,74836.0,334618.0
2024,12,2024-12-01,Salina Cruz-La Ventosa,121340.0,4907.0,875.0,312.0,2.0,8139.0,4600.0,564.0,6459.0,3532.0,169.0,213.0,7999.0,159111.0,126247.0,1189.0,31675.0,159111.0
2024,12,2024-12-01,Chamapa-Lecheria,3154612.0,169772.0,22148.0,933.0,2.0,113715.0,49701.0,4599.0,66923.0,5398.0,274.0,37.0,8924.0,3597038.0,3324384.0,23083.0,249571.0,3597038.0
2024,12,2024-12-01,Estacion Don-Nogales,1180096.0,2358.0,36363.0,37884.0,12.0,41105.0,29825.0,18497.0,295347.0,33177.0,6276.0,695.0,113679.0,1795314.0,1182454.0,74259.0,538601.0,1795314.0
2024,12,2024-12-01,Durango-Mazatlan,171974.0,2441.0,9336.0,4884.0,,10174.0,14003.0,2316.0,53576.0,7662.0,1831.0,1424.0,30955.0,310576.0,174415.0,14220.0,121941.0,310576.0
2024,12,2024-12-01,Lagos de Moreno-San Luis Potosi,91105.0,527.0,2298.0,638.0,7.0,8160.0,7177.0,2390.0,47429.0,7626.0,1621.0,442.0,23020.0,192440.0,91632.0,2943.0,97865.0,192440.0
2024,12,2024-12-01,Libramiento Amecameca-Nepantla,275175.0,6994.0,2685.0,186.0,2.0,12259.0,11785.0,1995.0,13972.0,3429.0,139.0,102.0,5006.0,333729.0,282169.0,2873.0,48687.0,333729.0
2024,12,2024-12-01,Aeropuerto Los Cabos-San Jose del Cabo-Cabo San Lucas,384038.0,754.0,2493.0,128.0,2.0,4351.0,1754.0,98.0,1816.0,998.0,55.0,6.0,1064.0,397557.0,384792.0,2623.0,10142.0,397557.0
2024,12,2024-12-01,Libramiento Poniente de Acapulco,,,,,,,,,,,,,,,,,,
2024,12,2024-12-01,Puente el Zacatal,76096.0,2624.0,5746.0,1938.0,,8988.0,6090.0,1106.0,19828.0,2798.0,257.0,42.0,9189.0,134702.0,78720.0,7684.0,48298.0,134702.0
2024,12,2024-12-01,Libramiento de Villahermosa,149678.0,5976.0,1250.0,600.0,5.0,16303.0,17667.0,4143.0,58171.0,11581.0,1094.0,321.0,27819.0,294608.0,155654.0,1855.0,137099.0,294608.0
2024,12,2024-12-01,Libramiento Oriente de Chihuahua,173244.0,529.0,2247.0,4998.0,4.0,9428.0,6820.0,5188.0,72055.0,10418.0,2024.0,347.0,17897.0,305199.0,173773.0,7249.0,124177.0,305199.0
2025,1,2025-01-01,Cuernavaca-Acapulco,1651806.0,106240.0,28341.0,6742.0,8.0,45472.0,25384.0,3484.0,21429.0,9572.0,164.0,87.0,7122.0,1905851.0,1758046.0,35091.0,112714.0,1905851.0
2025,1,2025-01-01,Cordoba-Veracruz,595738.0,24870.0,26789.0,6836.0,2.0,40974.0,46314.0,7584.0,114059.0,24330.0,2278.0,573.0,86643.0,976990.0,620608.0,33627.0,322755.0,976990.0
2025,1,2025-01-01,La Tinaja-Cosoleacaque,412591.0,8946.0,33944.0,13582.0,11.0,39139.0,52143.0,11953.0,162971.0,35411.0,3882.0,1493.0,120672.0,896738.0,421537.0,47537.0,427664.0,896738.0
2025,1,2025-01-01,Lib Noreste de Queretaro,207204.0,1513.0,4654.0,2379.0,8.0,32697.0,27699.0,5073.0,203956.0,19274.0,1215.0,104.0,34001.0,539777.0,208717.0,7041.0,324019.0,539777.0
2025,1,2025-01-01,Libramiento Oriente de Saltillo,184355.0,1139.0,3583.0,5059.0,1.0,29156.0,13019.0,2917.0,224468.0,19269.0,1791.0,735.0,29901.0,515393.0,185494.0,8643.0,321256.0,515393.0
2025,1,2025-01-01,La Carbonera-Puerto Mexico,194360.0,952.0,13086.0,10211.0,1091.0,25547.0,11295.0,2931.0,227621.0,26917.0,3990.0,1200.0,32735.0,551936.0,195312.0,24388.0,332236.0,551936.0
2025,1,2025-01-01,Libramiento Poniente de Tampico,200842.0,9399.0,2083.0,368.0,6.0,14559.0,11670.0,2891.0,32602.0,12850.0,1070.0,175.0,30011.0,318526.0,210241.0,2457.0,105828.0,318526.0
2025,1,2025-01-01,Champoton-Campeche,190607.0,6217.0,5427.0,1338.0,1.0,11316.0,8897.0,1807.0,30746.0,4379.0,507.0,64.0,17493.0,278799.0,196824.0,6766.0,75209.0,278799.0
2025,1,2025-01-01,Gomez Palacio-Corralitos,134854.0,299.0,14591.0,9292.0,7.0,8009.0,10886.0,9067.0,106443.0,23462.0,2668.0,405.0,27262.0,347245.0,135153.0,23890.0,188202.0,347245.0
2025,1,2025-01-01,Torreon-Saltillo,208430.0,6099.0,15073.0,10401.0,1708.0,19619.0,6406.0,4979.0,113207.0,23485.0,2604.0,792.0,40814.0,453617.0,214529.0,27182.0,211906.0,453617.0
2025,1,2025-01-01,Tihuatlan-Gutierrez Zamora,114434.0,961.0,3218.0,1502.0,7.0,6184.0,7989.0,1863.0,16127.0,6244.0,385.0,73.0,11112.0,170099.0,115395.0,4727.0,49977.0,170099.0
2025,1,2025-01-01,Agua Dulce-Cardenas,149469.0,1482.0,6593.0,3305.0,4.0,14421.0,15281.0,3349.0,59016.0,9794.0,1161.0,441.0,33380.0,297696.0,150951.0,9902.0,136843.0,297696.0
2025,1,2025-01-01,Las Choapas-Ocozocoautla,236600.0,5936.0,13706.0,4510.0,2.0,26292.0,30750.0,4226.0,62979.0,9897.0,1403.0,622.0,42617.0,439540.0,242536.0,18218.0,178786.0,439540.0
2025,1,2025-01-01,Mexico-Cuernavaca,798040.0,25588.0,22458.0,7421.0,1.0,38248.0,21548.0,2906.0,29220.0,5708.0,810.0,49.0,8324.0,960321.0,823628.0,29880.0,106813.0,960321.0
2025,1,2025-01-01,Puente de Ixtla-Iguala,89930.0,1201.0,4988.0,689.0,1.0,5973.0,6878.0,1304.0,4111.0,3305.0,46.0,11.0,1646.0,120083.0,91131.0,5678.0,23274.0,120083.0
2025,1,2025-01-01,La Pera-Cuautla,655141.0,21617.0,19518.0,563.0,8.0,14407.0,6725.0,791.0,8588.0,2258.0,225.0,101.0,3851.0,733793.0,676758.0,20089.0,36946.0,733793.0
2025,1,2025-01-01,Zacapalco-Rancho Viejo,48913.0,3212.0,1716.0,212.0,,1586.0,485.0,170.0,108.0,78.0,,,,56480.0,52125.0,1928.0,2427.0,56480.0
2025,1,2025-01-01,Mexico-Queretaro,2488322.0,21429.0,123231.0,38766.0,30.0,202165.0,172781.0,24934.0,606075.0,54224.0,7999.0,1224.0,136167.0,3877347.0,2509751.0,162027.0,1205569.0,3877347.0
2025,1,2025-01-01,Mexico-Puebla,3332665.0,75064.0,123071.0,27512.0,276.0,166526.0,121052.0,12102.0,242633.0,24498.0,3421.0,1435.0,79090.0,4209345.0,3407729.0,150859.0,650757.0,4209345.0
2025,1,2025-01-01,Queretaro-Irapuato,1567686.0,16728.0,42185.0,15566.0,24.0,138575.0,128682.0,18318.0,397784.0,47736.0,8159.0,1187.0,110613.0,2493243.0,1584414.0,57775.0,851054.0,2493243.0
2025,1,2025-01-01,Puebla-Acatzingo,1140605.0,11481.0,61771.0,10162.0,110.0,65028.0,66255.0,7227.0,113154.0,19209.0,2573.0,988.0,61482.0,1560045.0,1152086.0,72043.0,335916.0,1560045.0
2025,1,2025-01-01,Acatzingo-Cd Mendoza,216341.0,1903.0,15173.0,5392.0,18.0,18893.0,25293.0,2490.0,45432.0,6203.0,875.0,282.0,24860.0,363155.0,218244.0,20583.0,124328.0,363155.0
2025,1,2025-01-01,Cd Mendoza-Cordoba,,,,,,,,,,,,,,,,,,
2025,1,2025-01-01,Tehuacan-Oaxaca,863825.0,13030.0,42118.0,10540.0,67.0,48749.0,56274.0,6363.0,58128.0,13384.0,1308.0,771.0,28342.0,1142899.0,876855.0,52725.0,213319.0,1142899.0
2025,1,2025-01-01,Tijuana-Ensenada,1390908.0,10157.0,19734.0,1111.0,60.0,25655.0,10318.0,1352.0,55762.0,2961.0,182.0,114.0,11339.0,1529653.0,1401065.0,20905.0,107683.0,1529653.0
2025,1,2025-01-01,Rancho Viejo-Taxco,80568.0,10910.0,927.0,158.0,,1736.0,243.0,34.0,62.0,37.0,,1.0,,94676.0,91478.0,1085.0,2113.0,94676.0
2025,1,2025-01-01,La Rumorosa-Tecate,226293.0,660.0,7052.0,2392.0,12.0,10140.0,4722.0,2032.0,43464.0,2386.0,555.0,170.0,11150.0,311028.0,226953.0,9456.0,74619.0,311028.0
2025,1,2025-01-01,Salina Cruz-La Ventosa,112056.0,4546.0,869.0,286.0,,7673.0,4340.0,704.0,6678.0,3809.0,183.0,237.0,8655.0,150036.0,116602.0,1155.0,32279.0,150036.0
2025,1,2025-01-01,Chamapa-Lecheria,3034789.0,172749.0,23607.0,796.0,2.0,112582.0,50264.0,5030.0,67782.0,5681.0,232.0,1.0,9317.0,3482832.0,3207538.0,24405.0,250889.0,3482832.0
2025,1,2025-01-01,Estacion Don-Nogales,943460.0,2097.0,35830.0,36104.0,18.0,39602.0,28852.0,19824.0,315080.0,35387.0,6181.0,1073.0,134522.0,1598030.0,945557.0,71952.0,580521.0,1598030.0
2025,1,2025-01-01,Durango-Mazatlan,148873.0,2207.0,8471.0,3824.0,2.0,10552.0,17346.0,2794.0,64923.0,8830.0,2363.0,2129.0,38889.0,311203.0,151080.0,12297.0,147826.0,311203.0
2025,1,2025-01-01,Lagos de Moreno-San Luis Potosi,76590.0,404.0,1904.0,569.0,2.0,7584.0,7242.0,2366.0,56067.0,7349.0,1536.0,403.0,23993.0,186009.0,76994.0,2475.0,106540.0,186009.0
2025,1,2025-01-01,Libramiento Amecameca-Nepantla,247909.0,6235.0,2205.0,94.0,4.0,12826.0,12918.0,2232.0,15358.0,4284.0,176.0,86.0,5463.0,309790.0,254144.0,2303.0,53343.0,309790.0
2025,1,2025-01-01,Aeropuerto Los Cabos-San Jose del Cabo-Cabo San Lucas,358363.0,629.0,2403.0,165.0,,3798.0,1505.0,69.0,1661.0,995.0,52.0,7.0,1130.0,370777.0,358992.0,2568.0,9217.0,370777.0
2025,1,2025-01-01,Libramiento Poniente de Acapulco,,,,,,,,,,,,,,,,,,
2025,1,2025-01-01,Puente el Zacatal,70613.0,1871.0,5335.0,1764.0,,8412.0,6081.0,1172.0,19867.0,2876.0,235.0,50.0,10495.0,128771.0,72484.0,7099.0,49188.0,128771.0
2025,1,2025-01-01,Libramiento de Villahermosa,132051.0,5649.0,1008.0,432.0,,14729.0,16613.0,3767.0,53728.0,12106.0,926.0,213.0,28952.0,270174.0,137700.0,1440.0,131034.0,270174.0
2025,1,2025-01-01,Libramiento Oriente de Chihuahua,133069.0,442.0,2051.0,4503.0,4.0,8689.0,6617.0,5072.0,72998.0,11084.0,1714.0,334.0,18148.0,264725.0,133511.0,6558.0,124656.0,264725.0
2025,1,2025-01-01,Barranca Larga - Ventanilla,7557.0,244.0,73.0,22.0,,228.0,131.0,22.0,51.0,16.0,1.0,,5.0,8350.0,7801.0,95.0,454.0,8350.0
2025,2,2025-02-01,Cuernavaca-Acapulco,1496216.0,105304.0,25197.0,6075.0,4.0,41307.0,23897.0,3284.0,18954.0,8826.0,168.0,114.0,6418.0,1735764.0,1601520.0,31276.0,102968.0,1735764.0
2025,2,2025-02-01,Cordoba-Veracruz,520950.0,25349.0,19375.0,4663.0,7.0,39307.0,43961.0,7609.0,109232.0,22900.0,2172.0,672.0,80614.0,876811.0,546299.0,24045.0,306467.0,876811.0
2025,2,2025-02-01,La Tinaja-Cosoleacaque,312320.0,8049.0,23092.0,9132.0,14.0,38396.0,50726.0,11878.0,162021.0,32832.0,3918.0,1369.0,111524.0,765271.0,320369.0,32238.0,412664.0,765271.0
2025,2,2025-02-01,Lib Noreste de Queretaro,172962.0,1339.0,3548.0,1843.0,4.0,31741.0,25592.0,5063.0,192907.0,17972.0,1127.0,111.0,31423.0,485632.0,174301.0,5395.0,305936.0,485632.0
2025,2,2025-02-01,Libramiento Oriente de Saltillo,123051.0,1364.0,3146.0,4343.0,6.0,28837.0,14051.0,3244.0,222559.0,18371.0,1774.0,710.0,27711.0,449167.0,124415.0,7495.0,317257.0,449167.0
2025,2,2025-02-01,La Carbonera-Puerto Mexico,138939.0,887.0,10952.0,8803.0,1155.0,22411.0,11545.0,5492.0,223578.0,23919.0,3933.0,1766.0,28536.0,481916.0,139826.0,20910.0,321180.0,481916.0
2025,2,2025-02-01,Libramiento Poniente de Tampico,184980.0,9692.0,1403.0,159.0,7.0,14148.0,10711.0,2500.0,33086.0,13088.0,1082.0,185.0,30528.0,301569.0,194672.0,1569.0,105328.0,301569.0
2025,2,2025-02-01,Champoton-Campeche,156501.0,6009.0,4449.0,1080.0,,11032.0,8363.0,1680.0,29686.0,4245.0,532.0,61.0,17561.0,241199.0,162510.0,5529.0,73160.0,241199.0
2025,2,2025-02-01,Gomez Palacio-Corralitos,80319.0,327.0,12258.0,7630.0,2.0,8122.0,10447.0,8433.0,103816.0,21258.0,2809.0,303.0,25710.0,281434.0,80646.0,19890.0,180898.0,281434.0
2025,2,2025-02-01,Torreon-Saltillo,192854.0,911.0,13390.0,9681.0,2911.0,14841.0,7460.0,4808.0,107011.0,24122.0,3625.0,1545.0,39281.0,422440.0,193765.0,25982.0,202693.0,422440.0
2025,2,2025-02-01,Tihuatlan-Gutierrez Zamora,88481.0,1119.0,2353.0,964.0,8.0,6093.0,7711.0,1789.0,16314.0,6146.0,335.0,78.0,10438.0,141829.0,89600.0,3325.0,48904.0,141829.0
2025,2,2025-02-01,Agua Dulce-Cardenas,112403.0,1547.0,4365.0,2546.0,5.0,13754.0,14655.0,3200.0,57494.0,8768.0,1125.0,340.0,31472.0,251674.0,113950.0,6916.0,130808.0,251674.0
2025,2,2025-02-01,Las Choapas-Ocozocoautla,187338.0,5567.0,9878.0,2926.0,1.0,23800.0,30057.0,4142.0,61768.0,9827.0,1317.0,551.0,40528.0,377700.0,192905.0,12805.0,171990.0,377700.0
2025,2,2025-02-01,Mexico-Cuernavaca,719378.0,25739.0,15842.0,4927.0,5.0,39673.0,22809.0,2676.0,27054.0,5124.0,710.0,56.0,7414.0,871407.0,745117.0,20774.0,105516.0,871407.0
2025,2,2025-02-01,Puente de Ixtla-Iguala,80919.0,1199.0,4377.0,744.0,,5800.0,7436.0,1376.0,3689.0,3173.0,40.0,2.0,1336.0,110091.0,82118.0,5121.0,22852.0,110091.0
2025,2,2025-02-01,La Pera-Cuautla,621463.0,23186.0,18911.0,1392.0,1.0,13766.0,6395.0,813.0,8351.0,2016.0,215.0,87.0,3484.0,700080.0,644649.0,20304.0,35127.0,700080.0
2025,2,2025-02-01,Zacapalco-Rancho Viejo,41578.0,2976.0,1884.0,158.0,,1376.0,450.0,165.0,91.0,100.0,,,,48778.0,44554.0,2042.0,2182.0,48778.0
2025,2,2025-02-01,Mexico-Queretaro,2162077.0,22715.0,103813.0,32230.0,22.0,193453.0,161624.0,23154.0,569726.0,49098.0,7445.0,1131.0,125841.0,3452329.0,2184792.0,136065.0,1131472.0,3452329.0
2025,2,2025-02-01,Mexico-Puebla,2936416.0,76269.0,102978.0,23814.0,187.0,157181.0,115461.0,11503.0,238482.0,24062.0,3369.0,1405.0,77149.0,3768276.0,3012685.0,126979.0,628612.0,3768276.0
2025,2,2025-02-01,Queretaro-Irapuato,1356611.0,20252.0,37334.0,13227.0,14.0,129793.0,118612.0,16679.0,381157.0,44479.0,7844.0,892.0,102388.0,2229282.0,1376863.0,50575.0,801844.0,2229282.0
2025,2,2025-02-01,Puebla-Acatzingo,974425.0,11543.0,51589.0,8244.0,102.0,61017.0,62476.0,7086.0,115120.0,18349.0,2575.0,810.0,59176.0,1372512.0,985968.0,59935.0,326609.0,1372512.0
2025,2,2025-02-01,Acatzingo-Cd Mendoza,203397.0,2519.0,11736.0,4033.0,11.0,22441.0,33055.0,3978.0,75750.0,10750.0,1546.0,594.0,44480.0,414290.0,205916.0,15780.0,192594.0,414290.0
2025,2,2025-02-01,Cd Mendoza-Cordoba,,,,,,,,,,,,,,,,,,
2025,2,2025-02-01,Tehuacan-Oaxaca,622969.0,11698.0,35144.0,9930.0,54.0,44931.0,51853.0,5740.0,53027.0,11517.0,1068.0,712.0,26983.0,875626.0,634667.0,45128.0,195831.0,875626.0
2025,2,2025-02-01,Tijuana-Ensenada,1308580.0,11804.0,18757.0,1309.0,45.0,22934.0,8828.0,1165.0,53008.0,2833.0,130.0,95.0,10510.0,1439998.0,1320384.0,20111.0,99503.0,1439998.0
2025,2,2025-02-01,Rancho Viejo-Taxco,70401.0,10911.0,2474.0,159.0,,1855.0,397.0,68.0,106.0,111.0,,,,86482.0,81312.0,2633.0,2537.0,86482.0
2025,2,2025-02-01,La Rumorosa-Tecate,213548.0,1135.0,5712.0,1697.0,11.0,9687.0,4465.0,2018.0,42020.0,2090.0,551.0,121.0,10333.0,293388.0,214683.0,7420.0,71285.0,293388.0
2025,2,2025-02-01,Salina Cruz-La Ventosa,97554.0,4343.0,1259.0,543.0,1.0,7426.0,4230.0,719.0,5905.0,3413.0,169.0,162.0,6447.0,132171.0,101897.0,1803.0,28471.0,132171.0
2025,2,2025-02-01,Chamapa-Lecheria,2850425.0,162838.0,21938.0,829.0,1.0,104142.0,46901.0,4561.0,62447.0,5263.0,216.0,10.0,8674.0,3268245.0,3013263.0,22768.0,232214.0,3268245.0
2025,2,2025-02-01,Estacion Don-Nogales,702541.0,3523.0,28332.0,28219.0,7.0,37664.0,26805.0,19959.0,299021.0,32374.0,5646.0,914.0,116497.0,1301502.0,706064.0,56558.0,538880.0,1301502.0
2025,2,2025-02-01,Durango-Mazatlan,120150.0,2639.0,7878.0,3655.0,2.0,9904.0,17056.0,2476.0,61733.0,8369.0,1856.0,1536.0,38008.0,275262.0,122789.0,11535.0,140938.0,275262.0
2025,2,2025-02-01,Lagos de Moreno-San Luis Potosi,60957.0,539.0,1920.0,658.0,,6725.0,7045.0,2367.0,53621.0,6875.0,1618.0,558.0,21433.0,164316.0,61496.0,2578.0,100242.0,164316.0
2025,2,2025-02-01,Libramiento Amecameca-Nepantla,222420.0,5710.0,1890.0,94.0,1.0,11495.0,12231.0,2024.0,14190.0,3958.0,157.0,92.0,5150.0,279412.0,228130.0,1985.0,49297.0,279412.0
2025,2,2025-02-01,Aeropuerto Los Cabos-San Jose del Cabo-Cabo San Lucas,354131.0,706.0,2576.0,155.0,2.0,3733.0,1874.0,119.0,1613.0,992.0,45.0,2.0,1089.0,367037.0,354837.0,2733.0,9467.0,367037.0
2025,2,2025-02-01,Libramiento Poniente de Acapulco,,,,,,,,,,,,,,,,,,
2025,2,2025-02-01,Puente el Zacatal,54451.0,1524.0,4639.0,1599.0,1.0,8359.0,5983.0,1255.0,21186.0,3057.0,244.0,58.0,10181.0,112537.0,55975.0,6239.0,50323.0,112537.0
2025,2,2025-02-01,Libramiento de Villahermosa,108927.0,5030.0,790.0,324.0,2.0,14194.0,15609.0,3388.0,52275.0,11139.0,901.0,200.0,26893.0,239672.0,113957.0,1116.0,124599.0,239672.0
2025,2,2025-02-01,Libramiento Oriente de Chihuahua,92879.0,594.0,1009.0,2990.0,1.0,8909.0,6455.0,4806.0,70184.0,9817.0,1494.0,207.0,16250.0,215595.0,93473.0,4000.0,118122.0,215595.0
2025,2,2025-02-01,Barranca Larga - Ventanilla,169373.0,6399.0,3219.0,1020.0,10.0,6560.0,4920.0,641.0,1837.0,865.0,47.0,13.0,106.0,195010.0,175772.0,4249.0,14989.0,195010.0
2025,3,2025-03-01,Cuernavaca-Acapulco,1955363.0,123937.0,41392.0,13353.0,12.0,54968.0,35710.0,5616.0,31556.0,12094.0,302.0,125.0,10855.0,2285283.0,2079300.0,54757.0,151226.0,2285283.0
2025,3,2025-03-01,Cordoba-Veracruz,608262.0,29344.0,23750.0,5717.0,4.0,44542.0,50620.0,8797.0,126046.0,26229.0,2556.0,742.0,92505.0,1019114.0,637606.0,29471.0,352037.0,1019114.0
2025,3,2025-03-01,La Tinaja-Cosoleacaque,358538.0,8676.0,27655.0,10446.0,5.0,43025.0,58047.0,13781.0,184840.0,37621.0,4545.0,1545.0,126514.0,875238.0,367214.0,38106.0,469918.0,875238.0
2025,3,2025-03-01,Lib Noreste de Queretaro,200483.0,1791.0,4355.0,2382.0,8.0,36135.0,28166.0,5359.0,215701.0,20349.0,1378.0,111.0,34255.0,550473.0,202274.0,6745.0,341454.0,550473.0
2025,3,2025-03-01,Libramiento Oriente de Saltillo,143266.0,1861.0,3274.0,4617.0,6.0,31740.0,13970.0,3465.0,250951.0,20770.0,1877.0,756.0,29227.0,505780.0,145127.0,7897.0,352756.0,505780.0
2025,3,2025-03-01,La Carbonera-Puerto Mexico,163344.0,1711.0,12808.0,9862.0,1315.0,25142.0,12415.0,5628.0,252151.0,23340.0,2930.0,1350.0,29210.0,541206.0,165055.0,23985.0,352166.0,541206.0
2025,3,2025-03-01,Libramiento Poniente de Tampico,215747.0,11770.0,1492.0,202.0,3.0,15680.0,12769.0,2910.0,36826.0,14102.0,1279.0,205.0,32403.0,345388.0,227517.0,1697.0,116174.0,345388.0
2025,3,2025-03-01,Champoton-Campeche,177676.0,6796.0,5037.0,1294.0,1.0,11825.0,9321.0,1922.0,32345.0,4537.0,621.0,59.0,19857.0,271291.0,184472.0,6332.0,80487.0,271291.0
2025,3,2025-03-01,Gomez Palacio-Corralitos,95083.0,386.0,13428.0,8190.0,2.0,9410.0,11389.0,8890.0,114334.0,23026.0,3546.0,547.0,27548.0,315779.0,95469.0,21620.0,198690.0,315779.0
2025,3,2025-03-01,Torreon-Saltillo,222678.0,1359.0,14840.0,10729.0,2263.0,23045.0,7411.0,5341.0,120641.0,25240.0,2913.0,1053.0,43738.0,481251.0,224037.0,27832.0,229382.0,481251.0
2025,3,2025-03-01,Tihuatlan-Gutierrez Zamora,114330.0,2004.0,3546.0,1185.0,7.0,6759.0,8594.0,1874.0,19085.0,6917.0,458.0,99.0,12429.0,177287.0,116334.0,4738.0,56215.0,177287.0
2025,3,2025-03-01,Agua Dulce-Cardenas,132068.0,1936.0,5311.0,2756.0,3.0,15350.0,16217.0,3673.0,65097.0,9954.0,1181.0,406.0,37164.0,291116.0,134004.0,8070.0,149042.0,291116.0
2025,3,2025-03-01,Las Choapas-Ocozocoautla,218162.0,6717.0,11571.0,3658.0,1.0,26683.0,33765.0,5209.0,70021.0,12700.0,1435.0,617.0,43211.0,433750.0,224879.0,15230.0,193641.0,433750.0
2025,3,2025-03-01,Mexico-Cuernavaca,856292.0,32002.0,21351.0,6816.0,6.0,42545.0,24453.0,2966.0,29791.0,5319.0,753.0,55.0,7998.0,1030347.0,888294.0,28173.0,113880.0,1030347.0
2025,3,2025-03-01,Puente de Ixtla-Iguala,89725.0,1312.0,4715.0,933.0,,6613.0,8638.0,1451.0,4148.0,3271.0,40.0,13.0,1521.0,122380.0,91037.0,5648.0,25695.0,122380.0
2025,3,2025-03-01,La Pera-Cuautla,736669.0,31867.0,23025.0,1649.0,3.0,15842.0,7537.0,811.0,9212.0,2053.0,253.0,116.0,4084.0,833121.0,768536.0,24677.0,39908.0,833121.0
2025,3,2025-03-01,Zacapalco-Rancho Viejo,46644.0,3616.0,1921.0,167.0,,1553.0,478.0,192.0,159.0,84.0,,,,54814.0,50260.0,2088.0,2466.0,54814.0
2025,3,2025-03-01,Mexico-Queretaro,2546578.0,27238.0,122407.0,38496.0,31.0,211941.0,178515.0,26136.0,630613.0,55367.0,8513.0,1328.0,135632.0,3982795.0,2573816.0,160934.0,1248045.0,3982795.0
2025,3,2025-03-01,Mexico-Puebla,3340592.0,87409.0,113894.0,27118.0,224.0,176534.0,129022.0,12606.0,267908.0,26302.0,3837.0,1533.0,87187.0,4274166.0,3428001.0,141236.0,704929.0,4274166.0
2025,3,2025-03-01,Queretaro-Irapuato,1498707.0,23703.0,42083.0,15515.0,18.0,139298.0,131564.0,19716.0,412838.0,48339.0,9130.0,1416.0,106580.0,2448907.0,1522410.0,57616.0,868881.0,2448907.0
2025,3,2025-03-01,Puebla-Acatzingo,1096496.0,13393.0,55868.0,8969.0,125.0,66123.0,65697.0,7669.0,127539.0,20327.0,2869.0,805.0,66411.0,1532291.0,1109889.0,64962.0,357440.0,1532291.0
2025,3,2025-03-01,Acatzingo-Cd Mendoza,238436.0,2881.0,13924.0,4735.0,15.0,24856.0,37241.0,4442.0,86982.0,12325.0,1892.0,620.0,50897.0,479246.0,241317.0,18674.0,219255.0,479246.0
2025,3,2025-03-01,Cd Mendoza-Cordoba,,,,,,,,,,,,,,,,,,
2025,3,2025-03-01,Tehuacan-Oaxaca,703009.0,13686.0,41479.0,11236.0,62.0,49486.0,56933.0,6107.0,59497.0,13333.0,1285.0,878.0,29632.0,986623.0,716695.0,52777.0,217151.0,986623.0
2025,3,2025-03-01,Tijuana-Ensenada,1482914.0,13409.0,21359.0,1680.0,59.0,25168.0,9353.0,1428.0,60639.0,2936.0,152.0,115.0,11059.0,1630271.0,1496323.0,23098.0,110850.0,1630271.0
2025,3,2025-03-01,Rancho Viejo-Taxco,79637.0,11426.0,2618.0,207.0,,2246.0,427.0,77.0,136.0,117.0,,,,96891.0,91063.0,2825.0,3003.0,96891.0
2025,3,2025-03-01,La Rumorosa-Tecate,240450.0,1142.0,6052.0,1884.0,15.0,10246.0,4548.0,2139.0,46021.0,2194.0,622.0,129.0,10959.0,326401.0,241592.0,7951.0,76858.0,326401.0
2025,3,2025-03-01,Salina Cruz-La Ventosa,109192.0,5147.0,1663.0,575.0,,8020.0,4406.0,820.0,6606.0,4320.0,186.0,230.0,7633.0,148798.0,114339.0,2238.0,32221.0,148798.0
2025,3,2025-03-01,Chamapa-Lecheria,3191336.0,189240.0,24351.0,1141.0,1.0,113737.0,52517.0,5217.0,69540.0,5678.0,290.0,16.0,9831.0,3662895.0,3380576.0,25493.0,256826.0,3662895.0
2025,3,2025-03-01,Estacion Don-Nogales,810335.0,2816.0,34032.0,32013.0,28.0,42538.0,29950.0,21921.0,336017.0,37206.0,6247.0,881.0,128030.0,1482014.0,813151.0,66073.0,602790.0,1482014.0
2025,3,2025-03-01,Durango-Mazatlan,151884.0,3454.0,9357.0,5054.0,3.0,10343.0,18960.0,3102.0,71116.0,10069.0,2655.0,1802.0,44520.0,332319.0,155338.0,14414.0,162567.0,332319.0
2025,3,2025-03-01,Lagos de Moreno-San Luis Potosi,67463.0,784.0,2284.0,704.0,1.0,7249.0,7567.0,2371.0,57837.0,7282.0,1612.0,353.0,23766.0,179273.0,68247.0,2989.0,108037.0,179273.0
2025,3,2025-03-01,Libramiento Amecameca-Nepantla,279599.0,8873.0,3203.0,318.0,2.0,12806.0,12770.0,1949.0,16100.0,3954.0,193.0,131.0,5715.0,345613.0,288472.0,3523.0,53618.0,345613.0
2025,3,2025-03-01,Aeropuerto Los Cabos-San Jose del Cabo-Cabo San Lucas,427190.0,999.0,3088.0,177.0,2.0,4377.0,1866.0,141.0,2064.0,1024.0,51.0,8.0,1226.0,442213.0,428189.0,3267.0,10757.0,442213.0
2025,3,2025-03-01,Libramiento Poniente de Acapulco,23401.0,1059.0,268.0,52.0,1.0,1269.0,1621.0,284.0,669.0,529.0,1.0,1.0,22.0,29177.0,24460.0,321.0,4396.0,29177.0
2025,3,2025-03-01,Puente el Zacatal,63599.0,1928.0,4910.0,1818.0,,9218.0,6682.0,1410.0,23347.0,3060.0,274.0,45.0,12170.0,128461.0,65527.0,6728.0,56206.0,128461.0
2025,3,2025-03-01,Libramiento de Villahermosa,124429.0,5621.0,939.0,356.0,2.0,15779.0,17691.0,3867.0,58731.0,12639.0,988.0,265.0,30836.0,272143.0,130050.0,1297.0,140796.0,272143.0
2025,3,2025-03-01,Libramiento Oriente de Chihuahua,109939.0,563.0,1126.0,3218.0,1.0,9792.0,6902.0,5448.0,78976.0,10567.0,1726.0,196.0,18305.0,246759.0,110502.0,4345.0,131912.0,246759.0
2025,3,2025-03-01,Barranca Larga - Ventanilla,155959.0,5611.0,3581.0,1083.0,1.0,6722.0,4726.0,625.0,1933.0,676.0,22.0,6.0,64.0,181009.0,161570.0,4665.0,14774.0,181009.0
2025,4,2025-04-01,Cuernavaca-Acapulco,2721499.0,130907.0,68605.0,28300.0,31.0,78650.0,59955.0,9214.0,52042.0,18417.0,443.0,139.0,18936.0,3187138.0,2852406.0,96936.0,237796.0,3187138.0
2025,4,2025-04-01,Cordoba-Veracruz,669344.0,28769.0,26473.0,6354.0,4.0,43688.0,49196.0,8301.0,117112.0,25011.0,2528.0,727.0,91480.0,1068987.0,698113.0,32831.0,338043.0,1068987.0
2025,4,2025-04-01,La Tinaja-Cosoleacaque,407593.0,7715.0,31312.0,11624.0,9.0,41606.0,55272.0,12749.0,174962.0,36041.0,4539.0,1753.0,125648.0,910823.0,415308.0,42945.0,452570.0,910823.0
2025,4,2025-04-01,Lib Noreste de Queretaro,219549.0,1739.0,4799.0,2641.0,5.0,34495.0,27932.0,5280.0,203321.0,18898.0,1127.0,85.0,31463.0,551334.0,221288.0,7445.0,322601.0,551334.0
2025,4,2025-04-01,Libramiento Oriente de Saltillo,170283.0,1531.0,3237.0,4335.0,9.0,31193.0,12661.0,2934.0,231063.0,18105.0,1617.0,642.0,27077.0,504687.0,171814.0,7581.0,325292.0,504687.0
2025,4,2025-04-01,La Carbonera-Puerto Mexico,197551.0,1147.0,13595.0,10204.0,2856.0,23106.0,11325.0,5274.0,230498.0,20677.0,2901.0,1592.0,26608.0,547334.0,198698.0,26655.0,321981.0,547334.0
2025,4,2025-04-01,Libramiento Poniente de Tampico,218761.0,11761.0,1811.0,319.0,3.0,15711.0,12567.0,2817.0,36131.0,11957.0,830.0,124.0,24312.0,337104.0,230522.0,2133.0,104449.0,337104.0
2025,4,2025-04-01,Champoton-Campeche,200827.0,6407.0,6584.0,1956.0,,11365.0,8952.0,1778.0,30747.0,3916.0,622.0,79.0,19231.0,292464.0,207234.0,8540.0,76690.0,292464.0
2025,4,2025-04-01,Gomez Palacio-Corralitos,115705.0,1221.0,13748.0,8368.0,5.0,8890.0,11220.0,9044.0,107428.0,22391.0,3039.0,592.0,26523.0,328174.0,116926.0,22121.0,189127.0,328174.0
2025,4,2025-04-01,Torreon-Saltillo,242489.0,3405.0,17537.0,11763.0,2182.0,22969.0,8847.0,7435.0,113163.0,23317.0,3312.0,1272.0,41387.0,499078.0,245894.0,31482.0,221702.0,499078.0
2025,4,2025-04-01,Tihuatlan-Gutierrez Zamora,147934.0,1907.0,4142.0,1352.0,7.0,6749.0,7578.0,1872.0,18505.0,6252.0,358.0,55.0,10964.0,207675.0,149841.0,5501.0,52333.0,207675.0
2025,4,2025-04-01,Agua Dulce-Cardenas,154345.0,1816.0,6347.0,3195.0,2.0,15051.0,15524.0,3600.0,62811.0,9817.0,1247.0,432.0,36636.0,310823.0,156161.0,9544.0,145118.0,310823.0
2025,4,2025-04-01,Las Choapas-Ocozocoautla,240785.0,6235.0,12808.0,3725.0,1.0,26389.0,31569.0,5063.0,64334.0,13244.0,1443.0,862.0,44266.0,450724.0,247020.0,16534.0,187170.0,450724.0
2025,4,2025-04-01,Mexico-Cuernavaca,876548.0,27024.0,21160.0,7344.0,3.0,42049.0,24323.0,2879.0,27880.0,5263.0,558.0,39.0,7804.0,1042874.0,903572.0,28507.0,110795.0,1042874.0
2025,4,2025-04-01,Puente de Ixtla-Iguala,93696.0,1235.0,5102.0,901.0,,6606.0,9128.0,1628.0,4003.0,3377.0,34.0,7.0,1641.0,127358.0,94931.0,6003.0,26424.0,127358.0
2025,4,2025-04-01,La Pera-Cuautla,706681.0,26492.0,23358.0,782.0,4.0,14900.0,7044.0,867.0,8317.0,2147.0,167.0,96.0,3590.0,794445.0,733173.0,24144.0,37128.0,794445.0
2025,4,2025-04-01,Zacapalco-Rancho Viejo,51214.0,3001.0,1813.0,452.0,,1536.0,505.0,206.0,129.0,97.0,,,1.0,58954.0,54215.0,2265.0,2474.0,58954.0
2025,4,2025-04-01,Mexico-Queretaro,2621469.0,25005.0,121737.0,40460.0,37.0,204586.0,173299.0,24913.0,595089.0,51999.0,7305.0,1246.0,130190.0,3997335.0,2646474.0,162234.0,1188627.0,3997335.0
2025,4,2025-04-01,Mexico-Puebla,3382821.0,84550.0,114147.0,28712.0,252.0,170593.0,122605.0,12198.0,252061.0,24298.0,3452.0,1528.0,83242.0,4280459.0,3467371.0,143111.0,669977.0,4280459.0
2025,4,2025-04-01,Queretaro-Irapuato,1525387.0,18094.0,40148.0,15798.0,11.0,138261.0,130982.0,18291.0,391414.0,47820.0,8478.0,1281.0,108893.0,2444858.0,1543481.0,55957.0,845420.0,2444858.0
2025,4,2025-04-01,Puebla-Acatzingo,1148218.0,13088.0,60145.0,9751.0,135.0,63442.0,63833.0,7299.0,121299.0,19197.0,2653.0,877.0,65250.0,1575187.0,1161306.0,70031.0,343850.0,1575187.0
2025,4,2025-04-01,Acatzingo-Cd Mendoza,282582.0,3107.0,15626.0,5466.0,39.0,24079.0,35848.0,4262.0,80880.0,11799.0,1667.0,654.0,51033.0,517042.0,285689.0,21131.0,210222.0,517042.0
2025,4,2025-04-01,Cd Mendoza-Cordoba,,,,,,,,,,,,,,,,,,
2025,4,2025-04-01,Tehuacan-Oaxaca,844296.0,14340.0,48127.0,12475.0,63.0,48298.0,55348.0,5678.0,55464.0,12717.0,1117.0,864.0,28539.0,1127326.0,858636.0,60665.0,208025.0,1127326.0
2025,4,2025-04-01,Tijuana-Ensenada,1527980.0,12565.0,22523.0,1751.0,54.0,26436.0,9756.0,1466.0,65360.0,2727.0,248.0,125.0,12449.0,1683440.0,1540545.0,24328.0,118567.0,1683440.0
2025,4,2025-04-01,Rancho Viejo-Taxco,88443.0,11131.0,2575.0,463.0,,2332.0,402.0,88.0,132.0,106.0,,,,105672.0,99574.0,3038.0,3060.0,105672.0
2025,4,2025-04-01,La Rumorosa-Tecate,252770.0,1434.0,6175.0,2215.0,17.0,10511.0,4498.0,2038.0,45231.0,2293.0,720.0,122.0,10973.0,338997.0,254204.0,8407.0,76386.0,338997.0
2025,4,2025-04-01,Salina Cruz-La Ventosa,143451.0,4722.0,2311.0,817.0,1.0,8081.0,4547.0,809.0,6533.0,3960.0,212.0,271.0,9047.0,184762.0,148173.0,3129.0,33460.0,184762.0
2025,4,2025-04-01,Chamapa-Lecheria,2869559.0,181255.0,22304.0,1088.0,3.0,107237.0,52705.0,4903.0,65375.0,5531.0,234.0,12.0,8912.0,3319118.0,3050814.0,23395.0,244909.0,3319118.0
2025,4,2025-04-01,Estacion Don-Nogales,973427.0,3747.0,36698.0,34947.0,16.0,41407.0,28311.0,21115.0,318821.0,36041.0,5898.0,709.0,124615.0,1625752.0,977174.0,71661.0,576917.0,1625752.0
2025,4,2025-04-01,Durango-Mazatlan,236888.0,20814.0,10216.0,5528.0,2.0,10209.0,15038.0,2386.0,65724.0,8426.0,1815.0,1118.0,38594.0,416758.0,257702.0,15746.0,143310.0,416758.0
2025,4,2025-04-01,Lagos de Moreno-San Luis Potosi,79822.0,1210.0,2671.0,842.0,4.0,7134.0,6800.0,2166.0,55178.0,6892.0,1243.0,288.0,22661.0,186911.0,81032.0,3517.0,102362.0,186911.0
2025,4,2025-04-01,Libramiento Amecameca-Nepantla,307014.0,7648.0,2869.0,239.0,1.0,12305.0,10792.0,2024.0,15105.0,3860.0,121.0,82.0,5716.0,367776.0,314662.0,3109.0,50005.0,367776.0
2025,4,2025-04-01,Aeropuerto Los Cabos-San Jose del Cabo-Cabo San Lucas,379999.0,809.0,2402.0,120.0,1.0,4271.0,2004.0,129.0,1933.0,1038.0,45.0,23.0,1101.0,393875.0,380808.0,2523.0,10544.0,393875.0
2025,4,2025-04-01,Libramiento Poniente de Acapulco,83747.0,3125.0,1213.0,304.0,1.0,4027.0,5438.0,960.0,2129.0,1739.0,3.0,5.0,109.0,102800.0,86872.0,1518.0,14410.0,102800.0
2025,4,2025-04-01,Puente el Zacatal,79815.0,1655.0,5058.0,1696.0,,8494.0,5959.0,1204.0,19916.0,2713.0,286.0,55.0,10918.0,137769.0,81470.0,6754.0,49545.0,137769.0
2025,4,2025-04-01,Libramiento de Villahermosa,128817.0,4971.0,1116.0,443.0,,15388.0,17110.0,3668.0,57558.0,12439.0,979.0,248.0,29478.0,272215.0,133788.0,1559.0,136868.0,272215.0
2025,4,2025-04-01,Libramiento Oriente de Chihuahua,124106.0,966.0,1280.0,3655.0,1.0,9543.0,6841.0,5078.0,74826.0,10053.0,1577.0,232.0,17331.0,255489.0,125072.0,4936.0,125481.0,255489.0
2025,4,2025-04-01,Barranca Larga - Ventanilla,223872.0,6803.0,3393.0,973.0,2.0,6742.0,5305.0,697.0,2154.0,843.0,24.0,4.0,111.0,250923.0,230675.0,4368.0,15880.0,250923.0
2025,5,2025-05-01,Cuernavaca-Acapulco,2495627.0,158970.0,74173.0,26738.0,18.0,79175.0,63806.0,9606.0,56125.0,19184.0,489.0,173.0,19932.0,3004016.0,2654597.0,100929.0,248490.0,3004016.0
2025,5,2025-05-01,Cordoba-Veracruz,654681.0,32082.0,28136.0,6037.0,6.0,47295.0,55333.0,9830.0,127839.0,27738.0,2502.0,978.0,96659.0,1089116.0,686763.0,34179.0,368174.0,1089116.0
2025,5,2025-05-01,La Tinaja-Cosoleacaque,364028.0,7505.0,29469.0,9813.0,8.0,45003.0,59713.0,14970.0,195370.0,42718.0,4538.0,2039.0,132337.0,907511.0,371533.0,39290.0,496688.0,907511.0
2025,5,2025-05-01,Lib Noreste de Queretaro,209729.0,1738.0,4372.0,2365.0,11.0,36811.0,31746.0,5746.0,217185.0,19840.0,1182.0,104.0,34036.0,564865.0,211467.0,6748.0,346650.0,564865.0
2025,5,2025-05-01,Libramiento Oriente de Saltillo,141202.0,2151.0,3503.0,4482.0,6.0,29949.0,14697.0,2744.0,238803.0,18594.0,1691.0,667.0,29506.0,487995.0,143353.0,7991.0,336651.0,487995.0
2025,5,2025-05-01,La Carbonera-Puerto Mexico,160508.0,1813.0,12242.0,9592.0,1227.0,25455.0,12878.0,5271.0,247759.0,20982.0,2537.0,1159.0,29204.0,530627.0,162321.0,23061.0,345245.0,530627.0
2025,5,2025-05-01,Libramiento Poniente de Tampico,228783.0,12084.0,1721.0,181.0,9.0,16968.0,12151.0,2694.0,38010.0,12044.0,901.0,146.0,25844.0,351536.0,240867.0,1911.0,108758.0,351536.0
2025,5,2025-05-01,Champoton-Campeche,181965.0,7185.0,4873.0,1100.0,0.0,12580.0,9334.0,1970.0,32750.0,4348.0,644.0,98.0,19842.0,276689.0,189150.0,5973.0,81566.0,276689.0
2025,5,2025-05-01,Gomez Palacio-Corralitos,97313.0,765.0,13602.0,8311.0,7.0,9214.0,11919.0,9644.0,117743.0,26400.0,2746.0,522.0,29021.0,327207.0,98078.0,21920.0,207209.0,327207.0
2025,5,2025-05-01,Torreon-Saltillo,223242.0,3324.0,18194.0,11890.0,3307.0,21653.0,7241.0,5743.0,115586.0,23891.0,3105.0,1230.0,41184.0,479590.0,226566.0,33391.0,219633.0,479590.0
2025,5,2025-05-01,Tihuatlan-Gutierrez Zamora,119407.0,1986.0,4661.0,1277.0,5.0,6553.0,7487.0,1931.0,20051.0,6673.0,445.0,67.0,12215.0,182758.0,121393.0,5943.0,55422.0,182758.0
2025,5,2025-05-01,Agua Dulce-Cardenas,133672.0,1728.0,5452.0,2658.0,1.0,16004.0,16991.0,3977.0,66567.0,11375.0,1321.0,540.0,39509.0,299795.0,135400.0,8111.0,156284.0,299795.0
2025,5,2025-05-01,Las Choapas-Ocozocoautla,225824.0,6251.0,11316.0,3092.0,1.0,27299.0,32189.0,5393.0,69623.0,14141.0,1572.0,831.0,47502.0,445034.0,232075.0,14409.0,198550.0,445034.0
2025,5,2025-05-01,Mexico-Cuernavaca,787784.0,27914.0,28084.0,9979.0,4.0,35011.0,22266.0,2836.0,29391.0,5845.0,569.0,85.0,8768.0,958536.0,815698.0,38067.0,104771.0,958536.0
2025,5,2025-05-01,Puente de Ixtla-Iguala,91020.0,1340.0,4969.0,951.0,0.0,7057.0,9808.0,1718.0,4160.0,3647.0,42.0,11.0,1811.0,126534.0,92360.0,5920.0,28254.0,126534.0
2025,5,2025-05-01,La Pera-Cuautla,694073.0,25127.0,22719.0,1074.0,3.0,15262.0,6693.0,1079.0,9084.0,2145.0,196.0,127.0,4218.0,781800.0,719200.0,23796.0,38804.0,781800.0
2025,5,2025-05-01,Zacapalco-Rancho Viejo,46479.0,2622.0,1908.0,199.0,0.0,1589.0,473.0,186.0,109.0,120.0,0.0,0.0,2.0,53687.0,49101.0,2107.0,2479.0,53687.0
2025,5,2025-05-01,Mexico-Queretaro,2475726.0,22705.0,117651.0,37109.0,41.0,212258.0,185110.0,26741.0,627905.0,54970.0,7578.0,1657.0,134965.0,3904416.0,2498431.0,154801.0,1251184.0,3904416.0
2025,5,2025-05-01,Mexico-Puebla,3381177.0,86890.0,112973.0,27488.0,279.0,178307.0,128150.0,12750.0,264835.0,25754.0,3251.0,1554.0,86650.0,4310058.0,3468067.0,140740.0,701251.0,4310058.0
2025,5,2025-05-01,Queretaro-Irapuato,1527605.0,18461.0,41561.0,15300.0,25.0,140924.0,137749.0,19180.0,411546.0,50785.0,8067.0,1160.0,111213.0,2483576.0,1546066.0,56886.0,880624.0,2483576.0
2025,5,2025-05-01,Puebla-Acatzingo,1135998.0,12842.0,60642.0,8841.0,131.0,68959.0,70625.0,7862.0,129561.0,21036.0,2422.0,751.0,67677.0,1587347.0,1148840.0,69614.0,368893.0,1587347.0
2025,5,2025-05-01,Acatzingo-Cd Mendoza,249881.0,2712.0,14781.0,4735.0,18.0,25702.0,37330.0,4566.0,84718.0,12711.0,1481.0,648.0,52836.0,492119.0,252593.0,19534.0,219992.0,492119.0
2025,5,2025-05-01,Cd Mendoza-Cordoba,0.0,0.0,0.0,0.0,0.0,0.0,0.0,0.0,0.0,0.0,0.0,0.0,0.0,0.0,0.0,0.0,0.0,0.0
2025,5,2025-05-01,Tehuacan-Oaxaca,724534.0,14674.0,46239.0,12272.0,40.0,49843.0,58065.0,5920.0,59725.0,13296.0,997.0,764.0,30863.0,1017232.0,739208.0,58551.0,219473.0,1017232.0
2025,5,2025-05-01,Tijuana-Ensenada,1539010.0,15903.0,22519.0,1687.0,46.0,27108.0,9713.0,1651.0,65975.0,2550.0,216.0,145.0,13128.0,1699651.0,1554913.0,24252.0,120486.0,1699651.0
2025,5,2025-05-01,Rancho Viejo-Taxco,80968.0,11611.0,2666.0,210.0,0.0,2370.0,439.0,94.0,137.0,144.0,0.0,0.0,0.0,98639.0,92579.0,2876.0,3184.0,98639.0
2025,5,2025-05-01,La Rumorosa-Tecate,236545.0,1703.0,6156.0,2079.0,7.0,10525.0,4904.0,2149.0,48249.0,2672.0,889.0,193.0,11805.0,327876.0,238248.0,8242.0,81386.0,327876.0
2025,5,2025-05-01,Salina Cruz-La Ventosa,111955.0,4744.0,1553.0,637.0,1.0,8451.0,5028.0,824.0,6776.0,4119.0,273.0,295.0,7762.0,152418.0,116699.0,2191.0,33528.0,152418.0
2025,5,2025-05-01,Chamapa-Lecheria,3146395.0,186108.0,25170.0,1236.0,5.0,114808.0,55812.0,5130.0,72307.0,6160.0,267.0,16.0,9750.0,3623164.0,3332503.0,26411.0,264250.0,3623164.0
2025,5,2025-05-01,Estacion Don-Nogales,854006.0,3704.0,35537.0,33454.0,6.0,43555.0,29918.0,21160.0,344393.0,38085.0,6217.0,709.0,122776.0,1533520.0,857710.0,68997.0,606813.0,1533520.0
2025,5,2025-05-01,Durango-Mazatlan,191008.0,3020.0,11319.0,6010.0,5.0,10852.0,10433.0,2587.0,66810.0,8493.0,1563.0,1080.0,34641.0,347821.0,194028.0,17334.0,136459.0,347821.0
2025,5,2025-05-01,Lagos de Moreno-San Luis Potosi,64034.0,427.0,2274.0,753.0,2.0,7244.0,7230.0,2354.0,58815.0,7195.0,1274.0,317.0,22682.0,174601.0,64461.0,3029.0,107111.0,174601.0
2025,5,2025-05-01,Libramiento Amecameca-Nepantla,264022.0,6549.0,2919.0,227.0,0.0,12077.0,10549.0,2321.0,15821.0,3924.0,144.0,88.0,5621.0,324262.0,270571.0,3146.0,50545.0,324262.0
2025,5,2025-05-01,Aeropuerto Los Cabos-San Jose del Cabo-Cabo San Lucas,366486.0,881.0,2508.0,124.0,1.0,4804.0,2138.0,163.0,1988.0,974.0,77.0,8.0,919.0,381071.0,367367.0,2633.0,11071.0,381071.0
2025,5,2025-05-01,Libramiento Poniente de Acapulco,73892.0,3479.0,1122.0,293.0,0.0,4510.0,5898.0,1090.0,2355.0,1801.0,2.0,1.0,91.0,94534.0,77371.0,1415.0,15748.0,94534.0
2025,5,2025-05-01,Puente el Zacatal,63334.0,1807.0,5279.0,1426.0,1.0,9006.0,6527.0,1444.0,23310.0,2930.0,266.0,61.0,12298.0,127689.0,65141.0,6706.0,55842.0,127689.0
2025,5,2025-05-01,Libramiento de Villahermosa,127074.0,5174.0,892.0,395.0,0.0,15965.0,18233.0,4078.0,60621.0,13350.0,920.0,213.0,31186.0,278101.0,132248.0,1287.0,144566.0,278101.0
2025,5,2025-05-01,Libramiento Oriente de Chihuahua,115153.0,796.0,1449.0,3525.0,1.0,10005.0,7446.0,6089.0,84231.0,11918.0,1731.0,342.0,18538.0,261224.0,115949.0,4975.0,140300.0,261224.0
2025,5,2025-05-01,Barranca Larga - Ventanilla,177662.0,6190.0,4167.0,1171.0,3.0,7325.0,6310.0,769.0,2471.0,1074.0,17.0,3.0,131.0,207293.0,183852.0,5341.0,18100.0,207293.0
2025,6,2025-06-01,Cuernavaca-Acapulco,2032707.0,106266.0,62393.0,21074.0,31.0,70775.0,54814.0,8152.0,49003.0,16200.0,421.0,123.0,17745.0,2439704.0,2138973.0,83498.0,217233.0,2439704.0
2025,6,2025-06-01,Cordoba-Veracruz,591393.0,28155.0,25351.0,4721.0,5.0,43828.0,49055.0,9530.0,121294.0,26226.0,2228.0,910.0,91239.0,993935.0,619548.0,30077.0,344310.0,993935.0
2025,6,2025-06-01,La Tinaja-Cosoleacaque,337875.0,7267.0,29432.0,8012.0,12.0,43114.0,54809.0,14153.0,181195.0,37313.0,4107.0,1564.0,121667.0,840520.0,345142.0,37456.0,457922.0,840520.0
2025,6,2025-06-01,Lib Noreste de Queretaro,200336.0,1412.0,4627.0,2025.0,13.0,35520.0,33089.0,5471.0,215535.0,19624.0,1127.0,111.0,32862.0,551752.0,201748.0,6665.0,343339.0,551752.0
2025,6,2025-06-01,Libramiento Oriente de Saltillo,133425.0,1758.0,3972.0,4981.0,12.0,28456.0,15179.0,3153.0,232546.0,19215.0,1729.0,592.0,28507.0,473525.0,135183.0,8965.0,329377.0,473525.0
2025,6,2025-06-01,La Carbonera-Puerto Mexico,156725.0,1137.0,11670.0,9260.0,1051.0,23463.0,12873.0,5297.0,234978.0,21647.0,2650.0,1255.0,28812.0,510818.0,157862.0,21981.0,330975.0,510818.0
2025,6,2025-06-01,Libramiento Poniente de Tampico,194760.0,10051.0,1573.0,142.0,5.0,14860.0,10073.0,2393.0,32040.0,10847.0,845.0,113.0,22611.0,300313.0,204811.0,1720.0,93782.0,300313.0
2025,6,2025-06-01,Champoton-Campeche,163822.0,5597.0,4754.0,733.0,0.0,11191.0,8879.0,1914.0,31494.0,4108.0,533.0,74.0,19562.0,252661.0,169419.0,5487.0,77755.0,252661.0
2025,6,2025-06-01,Gomez Palacio-Corralitos,99221.0,562.0,13009.0,7998.0,4.0,9134.0,11611.0,9513.0,116483.0,25442.0,2814.0,604.0,26848.0,323243.0,99783.0,21011.0,202449.0,323243.0
2025,6,2025-06-01,Torreon-Saltillo,213277.0,3687.0,13660.0,10168.0,2637.0,16469.0,7230.0,5133.0,119492.0,23969.0,3353.0,1487.0,38670.0,459232.0,216964.0,26465.0,215803.0,459232.0
2025,6,2025-06-01,Tihuatlan-Gutierrez Zamora,94853.0,1129.0,4100.0,875.0,11.0,6073.0,6628.0,1657.0,18279.0,5980.0,392.0,49.0,10997.0,151023.0,95982.0,4986.0,50055.0,151023.0
2025,6,2025-06-01,Agua Dulce-Cardenas,124856.0,1385.0,5553.0,1860.0,0.0,15465.0,15920.0,3746.0,64308.0,11085.0,1291.0,469.0,38329.0,284267.0,126241.0,7413.0,150613.0,284267.0
2025,6,2025-06-01,Las Choapas-Ocozocoautla,209754.0,5923.0,10352.0,2908.0,1.0,25471.0,30877.0,5300.0,66335.0,14862.0,1477.0,659.0,48552.0,422471.0,215677.0,13261.0,193533.0,422471.0
2025,6,2025-06-01,Mexico-Cuernavaca,679997.0,18977.0,26402.0,8746.0,1.0,32871.0,19972.0,2753.0,27887.0,5056.0,634.0,65.0,7874.0,831235.0,698974.0,35149.0,97112.0,831235.0
2025,6,2025-06-01,Puente de Ixtla-Iguala,80028.0,1024.0,4450.0,721.0,0.0,6102.0,7651.0,1404.0,3631.0,3215.0,45.0,12.0,1569.0,109852.0,81052.0,5171.0,23629.0,109852.0
2025,6,2025-06-01,La Pera-Cuautla,632522.0,21931.0,21384.0,560.0,1.0,13598.0,5716.0,811.0,8440.0,2150.0,186.0,119.0,3900.0,711318.0,654453.0,21945.0,34920.0,711318.0
2025,6,2025-06-01,Zacapalco-Rancho Viejo,42171.0,2317.0,1841.0,132.0,0.0,1559.0,542.0,197.0,146.0,115.0,0.0,0.0,8.0,49028.0,44488.0,1973.0,2567.0,49028.0
2025,6,2025-06-01,Mexico-Queretaro,2360471.0,18711.0,110240.0,33897.0,34.0,208922.0,182254.0,25689.0,621366.0,52799.0,7227.0,1453.0,131206.0,3754269.0,2379182.0,144171.0,1230916.0,3754269.0
2025,6,2025-06-01,Mexico-Puebla,3172289.0,73654.0,111335.0,26246.0,240.0,166311.0,124554.0,12135.0,261087.0,24354.0,3112.0,1231.0,85077.0,4061625.0,3245943.0,137821.0,677861.0,4061625.0
2025,6,2025-06-01,Queretaro-Irapuato,1449967.0,15911.0,37508.0,14316.0,16.0,135069.0,123547.0,17876.0,393933.0,47202.0,8269.0,917.0,107912.0,2352443.0,1465878.0,51840.0,834725.0,2352443.0
2025,6,2025-06-01,Puebla-Acatzingo,1044229.0,11181.0,55905.0,7428.0,104.0,66155.0,66350.0,7490.0,125803.0,19649.0,2292.0,670.0,64281.0,1471537.0,1055410.0,63437.0,352690.0,1471537.0
2025,6,2025-06-01,Acatzingo-Cd Mendoza,227022.0,2060.0,13914.0,4322.0,23.0,24406.0,36089.0,4438.0,81937.0,11493.0,1370.0,606.0,50336.0,458016.0,229082.0,18259.0,210675.0,458016.0
2025,6,2025-06-01,Cd Mendoza-Cordoba,0.0,0.0,0.0,0.0,0.0,0.0,0.0,0.0,0.0,0.0,0.0,0.0,0.0,0.0,0.0,0.0,0.0,0.0
2025,6,2025-06-01,Tehuacan-Oaxaca,631332.0,14241.0,35793.0,9007.0,46.0,47201.0,54448.0,5581.0,55947.0,12207.0,955.0,880.0,28371.0,896009.0,645573.0,44846.0,205590.0,896009.0
2025,6,2025-06-01,Tijuana-Ensenada,1544476.0,14998.0,20346.0,1685.0,56.0,26593.0,9506.0,2018.0,68353.0,3023.0,222.0,143.0,12950.0,1704369.0,1559474.0,22087.0,122808.0,1704369.0
2025,6,2025-06-01,Rancho Viejo-Taxco,72250.0,10180.0,2467.0,142.0,0.0,1962.0,400.0,88.0,146.0,159.0,0.0,0.0,6.0,87800.0,82430.0,2609.0,2761.0,87800.0
2025,6,2025-06-01,La Rumorosa-Tecate,237341.0,1107.0,6029.0,1891.0,11.0,10272.0,4736.0,2125.0,45763.0,2590.0,840.0,162.0,10988.0,323855.0,238448.0,7931.0,77476.0,323855.0
2025,6,2025-06-01,Salina Cruz-La Ventosa,88980.0,3862.0,1195.0,451.0,0.0,7798.0,4100.0,698.0,5703.0,3262.0,160.0,235.0,5437.0,121881.0,92842.0,1646.0,27393.0,121881.0
2025,6,2025-06-01,Chamapa-Lecheria,3042627.0,169798.0,24002.0,964.0,2.0,111514.0,52185.0,4739.0,70554.0,5743.0,234.0,13.0,9083.0,3491458.0,3212425.0,24968.0,254065.0,3491458.0
2025,6,2025-06-01,Estacion Don-Nogales,797686.0,2844.0,32330.0,31724.0,4.0,42225.0,28043.0,18251.0,314904.0,34244.0,5518.0,735.0,98127.0,1406635.0,800530.0,64058.0,542047.0,1406635.0
2025,6,2025-06-01,Durango-Mazatlan,199426.0,3339.0,10638.0,6036.0,1.0,10795.0,9150.0,2729.0,61934.0,7880.0,1900.0,1487.0,29655.0,344970.0,202765.0,16675.0,125530.0,344970.0
2025,6,2025-06-01,Lagos de Moreno-San Luis Potosi,61493.0,365.0,1693.0,600.0,2.0,7481.0,6838.0,2311.0,54889.0,6969.0,1246.0,455.0,24365.0,168707.0,61858.0,2295.0,104554.0,168707.0
2025,6,2025-06-01,Libramiento Amecameca-Nepantla,220914.0,4883.0,2347.0,174.0,1.0,11247.0,9566.0,1927.0,15364.0,3550.0,152.0,88.0,4553.0,274766.0,225797.0,2522.0,46447.0,274766.0
2025,6,2025-06-01,Aeropuerto Los Cabos-San Jose del Cabo-Cabo San Lucas,372698.0,909.0,2455.0,106.0,1.0,4674.0,2141.0,116.0,2104.0,1043.0,67.0,7.0,990.0,387311.0,373607.0,2562.0,11142.0,387311.0
2025,6,2025-06-01,Libramiento Poniente de Acapulco,55889.0,2821.0,916.0,177.0,0.0,4144.0,4247.0,815.0,1733.0,1193.0,1.0,1.0,71.0,72008.0,58710.0,1093.0,12205.0,72008.0
2025,6,2025-06-01,Puente el Zacatal,58582.0,1600.0,5301.0,1035.0,0.0,9144.0,6606.0,1392.0,23743.0,3235.0,281.0,47.0,12886.0,123852.0,60182.0,6336.0,57334.0,123852.0
2025,6,2025-06-01,Libramiento de Villahermosa,117136.0,4882.0,791.0,271.0,1.0,15464.0,17153.0,3746.0,58439.0,12245.0,889.0,191.0,31464.0,262672.0,122018.0,1063.0,139591.0,262672.0
2025,6,2025-06-01,Libramiento Oriente de Chihuahua,120308.0,808.0,1335.0,3533.0,0.0,9727.0,7184.0,5369.0,83723.0,10806.0,1686.0,332.0,18616.0,263427.0,121116.0,4868.0,137443.0,263427.0
2025,6,2025-06-01,Barranca Larga - Ventanilla,126232.0,3702.0,2681.0,632.0,2.0,7099.0,5439.0,607.0,2205.0,787.0,13.0,4.0,178.0,149581.0,129934.0,3315.0,16332.0,149581.0
2025,7,2025-07-01,Cuernavaca-Acapulco,2437329.0,126002.0,67432.0,22175.0,41.0,74751.0,57439.0,9021.0,52268.0,17464.0,557.0,158.0,18909.0,2883546.0,2563331.0,89648.0,230567.0,2883546.0
2025,7,2025-07-01,Cordoba-Veracruz,687132.0,31775.0,29777.0,5778.0,6.0,47134.0,50552.0,9527.0,121217.0,26627.0,2553.0,737.0,91664.0,1104479.0,718907.0,35561.0,350011.0,1104479.0
2025,7,2025-07-01,La Tinaja-Cosoleacaque,418186.0,8049.0,37131.0,10470.0,6.0,44771.0,55922.0,14274.0,176643.0,37541.0,4502.0,1443.0,123797.0,932735.0,426235.0,47607.0,458893.0,932735.0
2025,7,2025-07-01,Lib Noreste de Queretaro,209217.0,1424.0,4812.0,2729.0,6.0,36684.0,32724.0,5821.0,213901.0,20690.0,1181.0,101.0,32350.0,561640.0,210641.0,7547.0,343452.0,561640.0
2025,7,2025-07-01,Libramiento Oriente de Saltillo,167563.0,2038.0,4554.0,5228.0,4.0,40828.0,15905.0,5531.0,227549.0,20227.0,1874.0,1054.0,27907.0,520262.0,169601.0,9786.0,340875.0,520262.0
2025,7,2025-07-01,La Carbonera-Puerto Mexico,189727.0,1235.0,13124.0,10775.0,916.0,23490.0,12915.0,3955.0,237525.0,25855.0,3833.0,1392.0,33790.0,558532.0,190962.0,24815.0,342755.0,558532.0
2025,7,2025-07-01,Libramiento Poniente de Tampico,216212.0,12151.0,2216.0,275.0,2.0,16273.0,10616.0,2985.0,35764.0,12940.0,1046.0,139.0,27331.0,337950.0,228363.0,2493.0,107094.0,337950.0
2025,7,2025-07-01,Champoton-Campeche,191276.0,5962.0,6220.0,938.0,0.0,11592.0,8930.0,1991.0,32165.0,4138.0,523.0,57.0,17709.0,281501.0,197238.0,7158.0,77105.0,281501.0
2025,7,2025-07-01,Gomez Palacio-Corralitos,153902.0,1449.0,12981.0,9570.0,7.0,10286.0,13291.0,10044.0,110107.0,24627.0,2488.0,505.0,24678.0,373935.0,155351.0,22558.0,196026.0,373935.0
2025,7,2025-07-01,Torreon-Saltillo,255526.0,8348.0,14049.0,10827.0,3261.0,16178.0,8934.0,7137.0,113644.0,23371.0,3174.0,2366.0,37528.0,504343.0,263874.0,28137.0,212332.0,504343.0
2025,7,2025-07-01,Tihuatlan-Gutierrez Zamora,120763.0,1417.0,4724.0,1007.0,7.0,6765.0,7303.0,2062.0,18632.0,6964.0,404.0,91.0,11696.0,181835.0,122180.0,5738.0,53917.0,181835.0
2025,7,2025-07-01,Agua Dulce-Cardenas,149301.0,1571.0,7744.0,2319.0,4.0,15734.0,16590.0,3838.0,64032.0,10617.0,1267.0,410.0,36912.0,310339.0,150872.0,10067.0,149400.0,310339.0
2025,7,2025-07-01,Las Choapas-Ocozocoautla,247631.0,7070.0,12560.0,3622.0,3.0,27884.0,32171.0,5427.0,65671.0,14256.0,1728.0,698.0,48211.0,466932.0,254701.0,16185.0,196046.0,466932.0
2025,7,2025-07-01,Mexico-Cuernavaca,765814.0,25710.0,27854.0,9081.0,0.0,34962.0,21560.0,2966.0,28928.0,5787.0,559.0,65.0,7643.0,930929.0,791524.0,36935.0,102470.0,930929.0
2025,7,2025-07-01,Puente de Ixtla-Iguala,92388.0,1261.0,5240.0,744.0,0.0,6196.0,8273.0,1618.0,3636.0,3093.0,41.0,5.0,1251.0,123746.0,93649.0,5984.0,24113.0,123746.0
2025,7,2025-07-01,La Pera-Cuautla,622656.0,23320.0,20195.0,333.0,3.0,13406.0,5515.0,829.0,8055.0,1940.0,175.0,130.0,3461.0,700018.0,645976.0,20531.0,33511.0,700018.0
2025,7,2025-07-01,Zacapalco-Rancho Viejo,49827.0,3095.0,1875.0,104.0,0.0,1505.0,493.0,193.0,148.0,124.0,1.0,0.0,4.0,57369.0,52922.0,1979.0,2468.0,57369.0
2025,7,2025-07-01,Mexico-Queretaro,2522719.0,21293.0,117668.0,38350.0,27.0,223989.0,189218.0,27745.0,632148.0,55777.0,7124.0,1565.0,133904.0,3971527.0,2544012.0,156045.0,1271470.0,3971527.0
2025,7,2025-07-01,Mexico-Puebla,3407794.0,82463.0,114176.0,27307.0,266.0,178960.0,132314.0,12379.0,264193.0,26718.0,3338.0,1218.0,84739.0,4335865.0,3490257.0,141749.0,703859.0,4335865.0
2025,7,2025-07-01,Queretaro-Irapuato,1556178.0,16615.0,42851.0,17131.0,26.0,140989.0,128837.0,18676.0,405442.0,49736.0,8162.0,790.0,111961.0,2497394.0,1572793.0,60008.0,864593.0,2497394.0
2025,7,2025-07-01,Puebla-Acatzingo,1186281.0,11692.0,61295.0,8469.0,121.0,71251.0,73573.0,7883.0,128952.0,20552.0,2496.0,906.0,66322.0,1639793.0,1197973.0,69885.0,371935.0,1639793.0
2025,7,2025-07-01,Acatzingo-Cd Mendoza,270597.0,2495.0,16974.0,5329.0,23.0,25722.0,38914.0,4512.0,82122.0,12075.0,1523.0,535.0,51465.0,512286.0,273092.0,22326.0,216868.0,512286.0
2025,7,2025-07-01,Cd Mendoza-Cordoba,0.0,0.0,0.0,0.0,0.0,0.0,0.0,0.0,0.0,0.0,0.0,0.0,0.0,0.0,0.0,0.0,0.0,0.0
2025,7,2025-07-01,Tehuacan-Oaxaca,817216.0,13072.0,42885.0,10020.0,57.0,49815.0,57884.0,5773.0,58247.0,13298.0,876.0,731.0,29766.0,1099640.0,830288.0,52962.0,216390.0,1099640.0
2025,7,2025-07-01,Tijuana-Ensenada,1753159.0,15440.0,21070.0,1798.0,57.0,30122.0,9974.0,1790.0,76473.0,3342.0,307.0,143.0,14806.0,1928481.0,1768599.0,22925.0,136957.0,1928481.0
2025,7,2025-07-01,Rancho Viejo-Taxco,83783.0,12994.0,2479.0,124.0,0.0,1964.0,362.0,89.0,129.0,176.0,0.0,1.0,2.0,102103.0,96777.0,2603.0,2723.0,102103.0
2025,7,2025-07-01,La Rumorosa-Tecate,275895.0,1074.0,6441.0,2296.0,16.0,10730.0,4693.0,2043.0,45882.0,2713.0,870.0,176.0,11424.0,364253.0,276969.0,8753.0,78531.0,364253.0
2025,7,2025-07-01,Salina Cruz-La Ventosa,107571.0,4579.0,1006.0,308.0,1.0,8106.0,4173.0,745.0,6100.0,3567.0,178.0,216.0,6375.0,142925.0,112150.0,1315.0,29460.0,142925.0
2025,7,2025-07-01,Chamapa-Lecheria,3047015.0,186267.0,22290.0,913.0,2.0,118913.0,57403.0,5564.0,68986.0,6360.0,312.0,18.0,9510.0,3523553.0,3233282.0,23205.0,267066.0,3523553.0
2025,7,2025-07-01,Estacion Don-Nogales,937545.0,2484.0,37629.0,34791.0,2.0,45231.0,29084.0,17662.0,289605.0,32940.0,5404.0,686.0,80243.0,1513306.0,940029.0,72422.0,500855.0,1513306.0
2025,7,2025-07-01,Durango-Mazatlan,313023.0,2862.0,13187.0,7692.0,1.0,11608.0,8789.0,2469.0,62209.0,7307.0,1885.0,1715.0,29141.0,461888.0,315885.0,20880.0,125123.0,461888.0
2025,7,2025-07-01,Lagos de Moreno-San Luis Potosi,73284.0,346.0,2269.0,793.0,1.0,7489.0,7192.0,2638.0,56419.0,7747.0,1550.0,473.0,24888.0,185089.0,73630.0,3063.0,108396.0,185089.0
2025,7,2025-07-01,Libramiento Amecameca-Nepantla,248918.0,5843.0,2430.0,125.0,0.0,11897.0,10222.0,2368.0,15464.0,3938.0,169.0,90.0,4907.0,306371.0,254761.0,2555.0,49055.0,306371.0
2025,7,2025-07-01,Aeropuerto Los Cabos-San Jose del Cabo-Cabo San Lucas,332101.0,773.0,2009.0,79.0,2.0,4346.0,2067.0,98.0,1873.0,897.0,70.0,7.0,899.0,345221.0,332874.0,2090.0,10257.0,345221.0
2025,7,2025-07-01,Libramiento Poniente de Acapulco,75721.0,3603.0,1026.0,135.0,1.0,4581.0,4661.0,710.0,1822.0,1204.0,4.0,0.0,92.0,93560.0,79324.0,1162.0,13074.0,93560.0
2025,7,2025-07-01,Puente el Zacatal,60584.0,1988.0,4681.0,864.0,0.0,7785.0,5037.0,1045.0,17857.0,2442.0,211.0,43.0,8931.0,111468.0,62572.0,5545.0,43351.0,111468.0
2025,7,2025-07-01,Libramiento de Villahermosa,123607.0,4956.0,1232.0,436.0,0.0,15452.0,17101.0,3886.0,57901.0,12042.0,930.0,200.0,29932.0,267675.0,128563.0,1668.0,137444.0,267675.0
2025,7,2025-07-01,Libramiento Oriente de Chihuahua,150469.0,951.0,1862.0,4560.0,2.0,10486.0,7960.0,5542.0,86149.0,11054.0,2032.0,339.0,19249.0,300655.0,151420.0,6424.0,142811.0,300655.0
2025,7,2025-07-01,Barranca Larga - Ventanilla,184966.0,4376.0,4006.0,839.0,0.0,6990.0,5881.0,552.0,2137.0,872.0,18.0,0.0,136.0,210773.0,189342.0,4845.0,16586.0,210773.0
2025,8,2025-08-01,Cuernavaca-Acapulco,2588056.0,135997.0,74126.0,24379.0,10.0,71071.0,55724.0,9220.0,52073.0,17517.0,446.0,130.0,18132.0,3046881.0,2724053.0,98515.0,224313.0,3046881.0
2025,8,2025-08-01,Cordoba-Veracruz,722772.0,31138.0,30275.0,5908.0,3.0,46263.0,49100.0,9064.0,119682.0,25954.0,2468.0,713.0,94054.0,1137394.0,753910.0,36186.0,347298.0,1137394.0
2025,8,2025-08-01,La Tinaja-Cosoleacaque,427145.0,8322.0,38112.0,10673.0,9.0,44194.0,55209.0,14443.0,177067.0,36131.0,4198.0,1561.0,127308.0,944372.0,435467.0,48794.0,460111.0,944372.0
2025,8,2025-08-01,Lib Noreste de Queretaro,216337.0,1711.0,4875.0,2575.0,11.0,34564.0,30139.0,5384.0,206495.0,19063.0,1201.0,96.0,31594.0,554045.0,218048.0,7461.0,328536.0,554045.0
2025,8,2025-08-01,Libramiento Oriente de Saltillo,192143.0,6069.0,4061.0,5098.0,2.0,35141.0,17789.0,7995.0,205947.0,16584.0,1928.0,1040.0,22845.0,516642.0,198212.0,9161.0,309269.0,516642.0
2025,8,2025-08-01,La Carbonera-Puerto Mexico,190132.0,1885.0,12570.0,10240.0,1258.0,22743.0,12180.0,3644.0,228747.0,23396.0,4539.0,2299.0,36211.0,549844.0,192017.0,24068.0,333759.0,549844.0
2025,8,2025-08-01,Libramiento Poniente de Tampico,234227.0,12707.0,2102.0,217.0,2.0,16177.0,10893.0,2960.0,35081.0,13260.0,936.0,140.0,26434.0,355136.0,246934.0,2321.0,105881.0,355136.0
2025,8,2025-08-01,Champoton-Campeche,198118.0,5754.0,6489.0,766.0,0.0,11379.0,9194.0,1895.0,32020.0,3886.0,506.0,54.0,18196.0,288257.0,203872.0,7255.0,77130.0,288257.0
2025,8,2025-08-01,Gomez Palacio-Corralitos,160348.0,559.0,10526.0,9253.0,11.0,9473.0,11457.0,9382.0,101436.0,23068.0,2261.0,523.0,20876.0,359173.0,160907.0,19790.0,178476.0,359173.0
2025,8,2025-08-01,Torreon-Saltillo,276756.0,11724.0,13719.0,9846.0,2642.0,11992.0,7246.0,6382.0,104735.0,23466.0,4387.0,2655.0,41861.0,517411.0,288480.0,26207.0,202724.0,517411.0
2025,8,2025-08-01,Tihuatlan-Gutierrez Zamora,134927.0,1598.0,5148.0,1082.0,8.0,6649.0,7093.0,2140.0,19784.0,7034.0,410.0,64.0,11819.0,197756.0,136525.0,6238.0,54993.0,197756.0
2025,8,2025-08-01,Agua Dulce-Cardenas,154568.0,1682.0,7775.0,2393.0,3.0,15930.0,16825.0,3913.0,63578.0,10042.0,1231.0,356.0,36593.0,314889.0,156250.0,10171.0,148468.0,314889.0
2025,8,2025-08-01,Las Choapas-Ocozocoautla,257350.0,7530.0,13234.0,3554.0,0.0,26233.0,33315.0,5788.0,65194.0,13781.0,1521.0,558.0,46053.0,474111.0,264880.0,16788.0,192443.0,474111.0
2025,8,2025-08-01,Mexico-Cuernavaca,823268.0,33997.0,30486.0,9399.0,7.0,34802.0,20573.0,2864.0,28812.0,6024.0,582.0,77.0,8253.0,999144.0,857265.0,39892.0,101987.0,999144.0
2025,8,2025-08-01,Puente de Ixtla-Iguala,92555.0,1430.0,5499.0,692.0,0.0,6093.0,8165.0,2003.0,3502.0,3629.0,42.0,4.0,1414.0,125028.0,93985.0,6191.0,24852.0,125028.0
2025,8,2025-08-01,La Pera-Cuautla,741207.0,28544.0,23770.0,600.0,1.0,15195.0,6086.0,988.0,9192.0,2227.0,202.0,157.0,3976.0,832145.0,769751.0,24371.0,38023.0,832145.0
2025,8,2025-08-01,Zacapalco-Rancho Viejo,52982.0,3455.0,2114.0,95.0,0.0,1452.0,444.0,211.0,136.0,103.0,4.0,0.0,2.0,60998.0,56437.0,2209.0,2352.0,60998.0
2025,8,2025-08-01,Mexico-Queretaro,2658391.0,22965.0,122844.0,41283.0,38.0,219948.0,185133.0,28847.0,630003.0,54392.0,7692.0,1900.0,137451.0,4110887.0,2681356.0,164165.0,1265366.0,4110887.0
2025,8,2025-08-01,Mexico-Puebla,3421332.0,89512.0,117168.0,26450.0,257.0,177327.0,134271.0,12654.0,268010.0,27025.0,3503.0,1382.0,87707.0,4366598.0,3510844.0,143875.0,711879.0,4366598.0
2025,8,2025-08-01,Queretaro-Irapuato,1608687.0,18116.0,46860.0,18058.0,22.0,136063.0,124965.0,19464.0,403549.0,48621.0,8683.0,902.0,114238.0,2548228.0,1626803.0,64940.0,856485.0,2548228.0
2025,8,2025-08-01,Puebla-Acatzingo,1217159.0,13004.0,61701.0,7830.0,138.0,70624.0,72985.0,7540.0,128304.0,20139.0,2498.0,783.0,67877.0,1670582.0,1230163.0,69669.0,370750.0,1670582.0
2025,8,2025-08-01,Acatzingo-Cd Mendoza,276456.0,2992.0,17417.0,4652.0,21.0,26403.0,39372.0,4301.0,84139.0,12042.0,1589.0,605.0,53483.0,523472.0,279448.0,22090.0,221934.0,523472.0
2025,8,2025-08-01,Cd Mendoza-Cordoba,0.0,0.0,0.0,0.0,0.0,0.0,0.0,0.0,0.0,0.0,0.0,0.0,0.0,0.0,0.0,0.0,0.0,0.0
2025,8,2025-08-01,Tehuacan-Oaxaca,817224.0,12602.0,41085.0,9462.0,51.0,50084.0,57693.0,5521.0,60077.0,13991.0,1094.0,650.0,30719.0,1100253.0,829826.0,50598.0,219829.0,1100253.0
2025,8,2025-08-01,Tijuana-Ensenada,1836242.0,17266.0,20918.0,1749.0,72.0,28498.0,10374.0,1825.0,75112.0,3104.0,256.0,191.0,14386.0,2009993.0,1853508.0,22739.0,133746.0,2009993.0
2025,8,2025-08-01,Rancho Viejo-Taxco,87197.0,13985.0,2754.0,133.0,0.0,2002.0,419.0,94.0,112.0,145.0,0.0,0.0,0.0,106841.0,101182.0,2887.0,2772.0,106841.0
2025,8,2025-08-01,La Rumorosa-Tecate,280360.0,1116.0,6560.0,2253.0,8.0,10255.0,4678.0,2049.0,45738.0,2539.0,768.0,126.0,11076.0,367526.0,281476.0,8821.0,77229.0,367526.0
2025,8,2025-08-01,Salina Cruz-La Ventosa,117706.0,4860.0,1281.0,317.0,0.0,8050.0,4111.0,764.0,6198.0,3721.0,219.0,297.0,7269.0,154793.0,122566.0,1598.0,30629.0,154793.0
2025,8,2025-08-01,Chamapa-Lecheria,0.0,0.0,0.0,0.0,0.0,0.0,0.0,0.0,0.0,0.0,0.0,0.0,0.0,0.0,0.0,0.0,0.0,0.0
2025,8,2025-08-01,Estacion Don-Nogales,914400.0,3258.0,34275.0,34011.0,1.0,43483.0,28025.0,18112.0,302103.0,34193.0,5433.0,690.0,81344.0,1499328.0,917658.0,68287.0,513383.0,1499328.0
2025,8,2025-08-01,Durango-Mazatlan,315406.0,3151.0,12931.0,8093.0,0.0,11012.0,7777.0,2408.0,58680.0,6852.0,1602.0,1384.0,30342.0,459638.0,318557.0,21024.0,120057.0,459638.0
2025,8,2025-08-01,Lagos de Moreno-San Luis Potosi,80344.0,377.0,2185.0,832.0,2.0,7773.0,6816.0,2793.0,56613.0,8307.0,1483.0,563.0,24127.0,192215.0,80721.0,3019.0,108475.0,192215.0
2025,8,2025-08-01,Libramiento Amecameca-Nepantla,268603.0,7174.0,2572.0,135.0,0.0,11717.0,10285.0,2172.0,15720.0,3755.0,173.0,99.0,5043.0,327448.0,275777.0,2707.0,48964.0,327448.0
2025,8,2025-08-01,Aeropuerto Los Cabos-San Jose del Cabo-Cabo San Lucas,162734.0,446.0,495.0,26.0,1.0,2423.0,965.0,50.0,866.0,463.0,26.0,5.0,449.0,168949.0,163180.0,522.0,5247.0,168949.0
2025,8,2025-08-01,Libramiento Poniente de Acapulco,76070.0,3761.0,1088.0,219.0,0.0,4292.0,4408.0,828.0,1916.0,1425.0,3.0,2.0,105.0,94117.0,79831.0,1307.0,12979.0,94117.0
2025,8,2025-08-01,Puente el Zacatal,83317.0,2039.0,6880.0,958.0,0.0,9376.0,6576.0,1321.0,23708.0,3007.0,268.0,41.0,12072.0,149563.0,85356.0,7838.0,56369.0,149563.0
2025,8,2025-08-01,Libramiento de Villahermosa,131476.0,4939.0,1124.0,513.0,1.0,15592.0,17215.0,3845.0,58059.0,11186.0,824.0,138.0,28725.0,273637.0,136415.0,1638.0,135584.0,273637.0
2025,8,2025-08-01,Libramiento Oriente de Chihuahua,138437.0,901.0,1772.0,4451.0,0.0,10238.0,8451.0,5596.0,86974.0,10891.0,2051.0,361.0,19452.0,289575.0,139338.0,6223.0,144014.0,289575.0
2025,8,2025-08-01,Barranca Larga - Ventanilla,192905.0,4804.0,3806.0,829.0,0.0,7009.0,5682.0,610.0,2229.0,1038.0,8.0,0.0,164.0,219084.0,197709.0,4635.0,16740.0,219084.0
2025,9,2025-09-01,Cuernavaca-Acapulco,2168621.0,137142.0,66180.0,19304.0,13.0,67433.0,51569.0,8720.0,48506.0,17039.0,370.0,66.0,16560.0,2601523.0,2305763.0,85497.0,210263.0,2601523.0
2025,9,2025-09-01,Cordoba-Veracruz,626256.0,32313.0,26689.0,4319.0,8.0,46155.0,48548.0,8688.0,116245.0,23597.0,2258.0,562.0,90217.0,1025855.0,658569.0,31016.0,336270.0,1025855.0
2025,9,2025-09-01,La Tinaja-Cosoleacaque,335816.0,7889.0,30152.0,7219.0,9.0,42218.0,51940.0,12751.0,167126.0,32950.0,4028.0,1314.0,119415.0,812827.0,343705.0,37380.0,431742.0,812827.0
2025,9,2025-09-01,Lib Noreste de Queretaro,195733.0,1676.0,4396.0,2222.0,7.0,35142.0,28550.0,5321.0,200806.0,17564.0,1155.0,79.0,30110.0,522761.0,197409.0,6625.0,318727.0,522761.0
2025,9,2025-09-01,Libramiento Oriente de Saltillo,143905.0,4132.0,2674.0,3528.0,7.0,26976.0,12923.0,1705.0,225902.0,18051.0,1676.0,413.0,25863.0,467755.0,148037.0,6209.0,313509.0,467755.0
2025,9,2025-09-01,La Carbonera-Puerto Mexico,158630.0,1496.0,10060.0,7541.0,847.0,22231.0,12461.0,3415.0,226631.0,19389.0,2585.0,1201.0,29741.0,496228.0,160126.0,18448.0,317654.0,496228.0
2025,9,2025-09-01,Libramiento Poniente de Tampico,202834.0,12033.0,1685.0,178.0,4.0,15728.0,9948.0,2571.0,36295.0,11521.0,885.0,120.0,24567.0,318369.0,214867.0,1867.0,101635.0,318369.0
2025,9,2025-09-01,Champoton-Campeche,163736.0,5724.0,5031.0,451.0,0.0,11225.0,8677.0,1724.0,30946.0,3663.0,509.0,47.0,17255.0,248988.0,169460.0,5482.0,74046.0,248988.0
2025,9,2025-09-01,Gomez Palacio-Corralitos,122580.0,613.0,8790.0,7238.0,23.0,10246.0,10917.0,8591.0,97812.0,20994.0,2377.0,560.0,21268.0,312009.0,123193.0,16051.0,172765.0,312009.0
2025,9,2025-09-01,Torreon-Saltillo,239403.0,2876.0,10996.0,8378.0,2534.0,12667.0,6985.0,6953.0,85572.0,21808.0,5862.0,4231.0,37603.0,445868.0,242279.0,21908.0,181681.0,445868.0
2025,9,2025-09-01,Tihuatlan-Gutierrez Zamora,93241.0,12983.0,3406.0,731.0,8.0,6331.0,7063.0,1984.0,18145.0,6188.0,400.0,53.0,11309.0,161842.0,106224.0,4145.0,51473.0,161842.0
2025,9,2025-09-01,Agua Dulce-Cardenas,117578.0,1478.0,5700.0,1662.0,5.0,15301.0,15841.0,3530.0,57317.0,9131.0,1298.0,378.0,34865.0,264084.0,119056.0,7367.0,137661.0,264084.0
2025,9,2025-09-01,Las Choapas-Ocozocoautla,211184.0,6762.0,10609.0,2397.0,1.0,25811.0,31155.0,5094.0,63285.0,12370.0,1567.0,633.0,47044.0,417912.0,217946.0,13007.0,186959.0,417912.0
2025,9,2025-09-01,Mexico-Cuernavaca,682384.0,24472.0,28496.0,9031.0,6.0,28155.0,18036.0,2947.0,27637.0,5959.0,530.0,76.0,7492.0,835221.0,706856.0,37533.0,90832.0,835221.0
2025,9,2025-09-01,Puente de Ixtla-Iguala,80457.0,1383.0,4858.0,663.0,0.0,5944.0,7061.0,1689.0,3405.0,3222.0,48.0,9.0,1244.0,109983.0,81840.0,5521.0,22622.0,109983.0
2025,9,2025-09-01,La Pera-Cuautla,657479.0,25344.0,23204.0,393.0,1.0,14845.0,6058.0,956.0,9066.0,2151.0,197.0,122.0,3656.0,743472.0,682823.0,23598.0,37051.0,743472.0
2025,9,2025-09-01,Zacapalco-Rancho Viejo,41070.0,2599.0,1863.0,40.0,2.0,1507.0,451.0,211.0,109.0,103.0,1.0,0.0,4.0,47960.0,43669.0,1905.0,2386.0,47960.0
2025,9,2025-09-01,Mexico-Queretaro,2330033.0,21569.0,116881.0,37187.0,35.0,213877.0,177986.0,24656.0,621331.0,53205.0,6946.0,1031.0,133667.0,3738404.0,2351602.0,154103.0,1232699.0,3738404.0
2025,9,2025-09-01,Mexico-Puebla,3122534.0,86726.0,112176.0,24496.0,297.0,167956.0,129958.0,12436.0,270711.0,25462.0,3595.0,1350.0,83671.0,4041368.0,3209260.0,136969.0,695139.0,4041368.0
2025,9,2025-09-01,Queretaro-Irapuato,1476032.0,18896.0,45505.0,16571.0,23.0,129346.0,120656.0,17956.0,396608.0,46553.0,8148.0,647.0,107392.0,2384333.0,1494928.0,62099.0,827306.0,2384333.0
2025,9,2025-09-01,Puebla-Acatzingo,1036189.0,12734.0,56596.0,6622.0,124.0,66535.0,68746.0,7189.0,123341.0,18276.0,2339.0,723.0,63505.0,1462919.0,1048923.0,63342.0,350654.0,1462919.0
2025,9,2025-09-01,Acatzingo-Cd Mendoza,216195.0,2914.0,13896.0,3320.0,14.0,25134.0,36376.0,3983.0,76739.0,11128.0,1515.0,595.0,51056.0,442865.0,219109.0,17230.0,206526.0,442865.0
2025,9,2025-09-01,Cd Mendoza-Cordoba,0.0,0.0,0.0,0.0,0.0,0.0,0.0,0.0,0.0,0.0,0.0,0.0,0.0,0.0,0.0,0.0,0.0,0.0
2025,9,2025-09-01,Tehuacan-Oaxaca,639386.0,12059.0,34035.0,7969.0,30.0,49167.0,56065.0,5524.0,59956.0,13629.0,1028.0,547.0,28629.0,908024.0,651445.0,42034.0,214545.0,908024.0
2025,9,2025-09-01,Tijuana-Ensenada,1546783.0,15986.0,18904.0,1561.0,57.0,27770.0,10301.0,1987.0,71612.0,2897.0,212.0,190.0,14828.0,1713088.0,1562769.0,20522.0,129797.0,1713088.0
2025,9,2025-09-01,Rancho Viejo-Taxco,72308.0,12917.0,2491.0,67.0,0.0,2062.0,334.0,107.0,102.0,176.0,1.0,0.0,1.0,90566.0,85225.0,2558.0,2783.0,90566.0
2025,9,2025-09-01,La Rumorosa-Tecate,226175.0,1245.0,5730.0,1981.0,16.0,10162.0,4680.0,1938.0,44853.0,2764.0,797.0,141.0,11214.0,311696.0,227420.0,7727.0,76549.0,311696.0
2025,9,2025-09-01,Salina Cruz-La Ventosa,85900.0,4830.0,828.0,169.0,1.0,7603.0,3864.0,668.0,5786.0,3101.0,194.0,212.0,5186.0,118342.0,90730.0,998.0,26614.0,118342.0
2025,9,2025-09-01,Chamapa-Lecheria,0.0,0.0,0.0,0.0,0.0,0.0,0.0,0.0,0.0,0.0,0.0,0.0,0.0,0.0,0.0,0.0,0.0,0.0
2025,9,2025-09-01,Estacion Don-Nogales,753478.0,2639.0,33523.0,32291.0,0.0,41714.0,26422.0,16740.0,281583.0,32538.0,5587.0,690.0,73254.0,1300459.0,756117.0,65814.0,478528.0,1300459.0
2025,9,2025-09-01,Durango-Mazatlan,185600.0,2967.0,10052.0,5870.0,0.0,10679.0,7839.0,2344.0,49418.0,6980.0,1798.0,1803.0,25962.0,311312.0,188567.0,15922.0,106823.0,311312.0
2025,9,2025-09-01,Lagos de Moreno-San Luis Potosi,61267.0,391.0,1564.0,636.0,2.0,7443.0,6648.0,2524.0,53559.0,7041.0,1442.0,465.0,22630.0,165612.0,61658.0,2202.0,101752.0,165612.0
2025,9,2025-09-01,Libramiento Amecameca-Nepantla,221495.0,5458.0,2006.0,92.0,0.0,11436.0,10171.0,2229.0,15152.0,3504.0,156.0,92.0,4745.0,276536.0,226953.0,2098.0,47485.0,276536.0
2025,9,2025-09-01,Aeropuerto Los Cabos-San Jose del Cabo-Cabo San Lucas,295673.0,868.0,1140.0,49.0,0.0,5063.0,2054.0,100.0,1798.0,890.0,52.0,11.0,734.0,308432.0,296541.0,1189.0,10702.0,308432.0
2025,9,2025-09-01,Libramiento Poniente de Acapulco,61533.0,3505.0,857.0,138.0,1.0,4051.0,3482.0,685.0,1693.0,1280.0,2.0,0.0,80.0,77307.0,65038.0,996.0,11273.0,77307.0
2025,9,2025-09-01,Puente el Zacatal,57155.0,1440.0,5608.0,854.0,0.0,8993.0,6231.0,1292.0,23210.0,2909.0,297.0,34.0,11655.0,119678.0,58595.0,6462.0,54621.0,119678.0
2025,9,2025-09-01,Libramiento de Villahermosa,109917.0,4787.0,709.0,350.0,1.0,14813.0,16477.0,3633.0,55618.0,11044.0,915.0,125.0,28023.0,246412.0,114704.0,1060.0,130648.0,246412.0
2025,9,2025-09-01,Libramiento Oriente de Chihuahua,105186.0,843.0,1335.0,3602.0,0.0,9927.0,8309.0,5871.0,83471.0,10074.0,2277.0,422.0,19520.0,250837.0,106029.0,4937.0,139871.0,250837.0
2025,9,2025-09-01,Barranca Larga - Ventanilla,134724.0,3932.0,2494.0,377.0,0.0,6566.0,5630.0,550.0,2098.0,943.0,7.0,1.0,122.0,157444.0,138656.0,2871.0,15917.0,157444.0
